CI,Nombres,"Apellido Paterno","Apellido Materno",Email,Sexo,Colegio,Ciudad,Carrera,"Monto Pago","Metodo Pago","Nro Recibo",Materia,Grupo,"CI Docente","Nombre Docente","Apellido Docente","Profesion Docente","Hora Semanal Docente","Nota P1","Nota P2","Nota P3","Promedio Final","Estado Materia"
11000000,Luis,Vargas,Vargas,luis.vargas.11000000@test.com,M,Evangelico,"La Paz","Ingenieria de Sistemas",700,PayPal,REC-TEST-11000000,MAT100,M003,11500008,Carmen,Vargas,"Licenciado en Matematicas",40,18,18,34,70,Aprobado
11000000,Luis,Vargas,Vargas,luis.vargas.11000000@test.com,M,Evangelico,"La Paz","Ingenieria de Sistemas",700,PayPal,REC-TEST-11000000,FIS100,M003,11500009,Elena,Rodriguez,Fisico,18,0,0,27,27,Reprobado
11000000,Luis,Vargas,Vargas,luis.vargas.11000000@test.com,M,Evangelico,"La Paz","Ingenieria de Sistemas",700,PayPal,REC-TEST-11000000,INF100,M003,11500010,Laura,Vargas,"Ingeniero Informatico",40,19,6,15,40,Reprobado
11000000,Luis,Vargas,Vargas,luis.vargas.11000000@test.com,M,Evangelico,"La Paz","Ingenieria de Sistemas",700,PayPal,REC-TEST-11000000,LIN100,M003,11500011,Pedro,Vargas,"Licenciado en Filologia",11,19,2,10,31,Reprobado
11000001,Jose,Vargas,Rodriguez,jose.vargas.11000001@test.com,M,"Domingo Savio",Pando,"Ingenieria de Sistemas",700,"Stripe (Tarjetas)",REC-TEST-11000001,MAT100,N001,11500016,Fernando,Rojas,"Licenciado en Matematicas",30,3,20,23,46,Reprobado
11000001,Jose,Vargas,Rodriguez,jose.vargas.11000001@test.com,M,"Domingo Savio",Pando,"Ingenieria de Sistemas",700,"Stripe (Tarjetas)",REC-TEST-11000001,FIS100,N001,11500017,Daniela,Fernandez,Fisico,28,4,5,17,26,Reprobado
11000001,Jose,Vargas,Rodriguez,jose.vargas.11000001@test.com,M,"Domingo Savio",Pando,"Ingenieria de Sistemas",700,"Stripe (Tarjetas)",REC-TEST-11000001,INF100,N001,11500018,Juan,Vargas,"Ingeniero Informatico",30,6,23,30,59,Reprobado
11000001,Jose,Vargas,Rodriguez,jose.vargas.11000001@test.com,M,"Domingo Savio",Pando,"Ingenieria de Sistemas",700,"Stripe (Tarjetas)",REC-TEST-11000001,LIN100,N001,11500019,Valeria,Rojas,"Licenciado en Filologia",12,2,30,34,66,Aprobado
11000002,Gabriela,Sanchez,Lopez,gabriela.sanchez.11000002@test.com,F,Evangelico,Potosi,"Ingenieria en Redes",700,"Stripe (Tarjetas)",REC-TEST-11000002,MAT100,M001,11500000,Valeria,Perez,"Licenciado en Matematicas",22,7,5,21,33,Reprobado
11000002,Gabriela,Sanchez,Lopez,gabriela.sanchez.11000002@test.com,F,Evangelico,Potosi,"Ingenieria en Redes",700,"Stripe (Tarjetas)",REC-TEST-11000002,FIS100,M001,11500001,Elena,Rojas,Fisico,11,28,7,6,41,Reprobado
11000002,Gabriela,Sanchez,Lopez,gabriela.sanchez.11000002@test.com,F,Evangelico,Potosi,"Ingenieria en Redes",700,"Stripe (Tarjetas)",REC-TEST-11000002,INF100,M001,11500002,Valeria,Vargas,"Ingeniero Informatico",28,8,17,7,32,Reprobado
11000002,Gabriela,Sanchez,Lopez,gabriela.sanchez.11000002@test.com,F,Evangelico,Potosi,"Ingenieria en Redes",700,"Stripe (Tarjetas)",REC-TEST-11000002,LIN100,M001,11500003,Ricardo,Rojas,"Licenciado en Filologia",29,17,32,12,61,Aprobado
11000003,Carlos,Perez,Lopez,carlos.perez.11000003@test.com,M,Uboldi,Tarija,"Ingenieria Informatica",700,PayPal,REC-TEST-11000003,MAT100,T001,11500012,Laura,Sanchez,"Licenciado en Matematicas",22,25,17,21,63,Aprobado
11000003,Carlos,Perez,Lopez,carlos.perez.11000003@test.com,M,Uboldi,Tarija,"Ingenieria Informatica",700,PayPal,REC-TEST-11000003,FIS100,T001,11500013,Lucia,Vargas,Fisico,13,4,32,27,63,Aprobado
11000003,Carlos,Perez,Lopez,carlos.perez.11000003@test.com,M,Uboldi,Tarija,"Ingenieria Informatica",700,PayPal,REC-TEST-11000003,INF100,T001,11500014,Marta,Sanchez,"Ingeniero Informatico",11,11,22,13,46,Reprobado
11000003,Carlos,Perez,Lopez,carlos.perez.11000003@test.com,M,Uboldi,Tarija,"Ingenieria Informatica",700,PayPal,REC-TEST-11000003,LIN100,T001,11500015,Gabriela,Vargas,"Licenciado en Filologia",39,21,16,31,68,Aprobado
11000004,Valeria,Sanchez,Ramirez,valeria.sanchez.11000004@test.com,F,"Domingo Savio",Oruro,"Ingenieria Informatica",700,PayPal,REC-TEST-11000004,MAT100,M002,11500004,Luis,Rojas,"Licenciado en Matematicas",12,28,22,28,78,Aprobado
11000004,Valeria,Sanchez,Ramirez,valeria.sanchez.11000004@test.com,F,"Domingo Savio",Oruro,"Ingenieria Informatica",700,PayPal,REC-TEST-11000004,FIS100,M002,11500005,Diego,Lopez,Fisico,25,29,3,26,58,Reprobado
11000004,Valeria,Sanchez,Ramirez,valeria.sanchez.11000004@test.com,F,"Domingo Savio",Oruro,"Ingenieria Informatica",700,PayPal,REC-TEST-11000004,INF100,M002,11500006,Pedro,Fernandez,"Ingeniero Informatico",22,2,7,31,40,Reprobado
11000004,Valeria,Sanchez,Ramirez,valeria.sanchez.11000004@test.com,F,"Domingo Savio",Oruro,"Ingenieria Informatica",700,PayPal,REC-TEST-11000004,LIN100,M002,11500007,Miguel,Garcia,"Licenciado en Filologia",19,25,11,3,39,Reprobado
11000005,Maria,Rodriguez,Torres,maria.rodriguez.11000005@test.com,F,Espana,Cochabamba,"Ingenieria en Redes",700,PayPal,REC-TEST-11000005,MAT100,T001,11500012,Laura,Sanchez,"Licenciado en Matematicas",22,32,24,22,78,Aprobado
11000005,Maria,Rodriguez,Torres,maria.rodriguez.11000005@test.com,F,Espana,Cochabamba,"Ingenieria en Redes",700,PayPal,REC-TEST-11000005,FIS100,T001,11500013,Lucia,Vargas,Fisico,13,19,6,19,44,Reprobado
11000005,Maria,Rodriguez,Torres,maria.rodriguez.11000005@test.com,F,Espana,Cochabamba,"Ingenieria en Redes",700,PayPal,REC-TEST-11000005,INF100,T001,11500014,Marta,Sanchez,"Ingeniero Informatico",11,9,26,33,68,Aprobado
11000005,Maria,Rodriguez,Torres,maria.rodriguez.11000005@test.com,F,Espana,Cochabamba,"Ingenieria en Redes",700,PayPal,REC-TEST-11000005,LIN100,T001,11500015,Gabriela,Vargas,"Licenciado en Filologia",39,10,18,0,28,Reprobado
11000006,Carmen,Sanchez,Lopez,carmen.sanchez.11000006@test.com,F,"La Salle",Potosi,"Ingenieria en Redes",700,PayPal,REC-TEST-11000006,MAT100,N001,11500016,Fernando,Rojas,"Licenciado en Matematicas",30,22,3,31,56,Reprobado
11000006,Carmen,Sanchez,Lopez,carmen.sanchez.11000006@test.com,F,"La Salle",Potosi,"Ingenieria en Redes",700,PayPal,REC-TEST-11000006,FIS100,N001,11500017,Daniela,Fernandez,Fisico,28,33,26,20,79,Aprobado
11000006,Carmen,Sanchez,Lopez,carmen.sanchez.11000006@test.com,F,"La Salle",Potosi,"Ingenieria en Redes",700,PayPal,REC-TEST-11000006,INF100,N001,11500018,Juan,Vargas,"Ingeniero Informatico",30,31,9,17,57,Reprobado
11000006,Carmen,Sanchez,Lopez,carmen.sanchez.11000006@test.com,F,"La Salle",Potosi,"Ingenieria en Redes",700,PayPal,REC-TEST-11000006,LIN100,N001,11500019,Valeria,Rojas,"Licenciado en Filologia",12,4,4,25,33,Reprobado
11000007,Roberto,Rodriguez,Martinez,roberto.rodriguez.11000007@test.com,M,Marista,Tarija,"Ingenieria en Redes",700,"Stripe (Tarjetas)",REC-TEST-11000007,MAT100,N001,11500016,Fernando,Rojas,"Licenciado en Matematicas",30,10,17,17,44,Reprobado
11000007,Roberto,Rodriguez,Martinez,roberto.rodriguez.11000007@test.com,M,Marista,Tarija,"Ingenieria en Redes",700,"Stripe (Tarjetas)",REC-TEST-11000007,FIS100,N001,11500017,Daniela,Fernandez,Fisico,28,29,27,3,59,Reprobado
11000007,Roberto,Rodriguez,Martinez,roberto.rodriguez.11000007@test.com,M,Marista,Tarija,"Ingenieria en Redes",700,"Stripe (Tarjetas)",REC-TEST-11000007,INF100,N001,11500018,Juan,Vargas,"Ingeniero Informatico",30,3,4,0,7,Reprobado
11000007,Roberto,Rodriguez,Martinez,roberto.rodriguez.11000007@test.com,M,Marista,Tarija,"Ingenieria en Redes",700,"Stripe (Tarjetas)",REC-TEST-11000007,LIN100,N001,11500019,Valeria,Rojas,"Licenciado en Filologia",12,15,16,13,44,Reprobado
11000008,Gabriela,Perez,Lopez,gabriela.perez.11000008@test.com,F,Uboldi,"Santa Cruz","Ingenieria de Sistemas",700,"Stripe (Tarjetas)",REC-TEST-11000008,MAT100,M003,11500008,Carmen,Vargas,"Licenciado en Matematicas",40,22,19,11,52,Reprobado
11000008,Gabriela,Perez,Lopez,gabriela.perez.11000008@test.com,F,Uboldi,"Santa Cruz","Ingenieria de Sistemas",700,"Stripe (Tarjetas)",REC-TEST-11000008,FIS100,M003,11500009,Elena,Rodriguez,Fisico,18,1,24,3,28,Reprobado
11000008,Gabriela,Perez,Lopez,gabriela.perez.11000008@test.com,F,Uboldi,"Santa Cruz","Ingenieria de Sistemas",700,"Stripe (Tarjetas)",REC-TEST-11000008,INF100,M003,11500010,Laura,Vargas,"Ingeniero Informatico",40,6,12,27,45,Reprobado
11000008,Gabriela,Perez,Lopez,gabriela.perez.11000008@test.com,F,Uboldi,"Santa Cruz","Ingenieria de Sistemas",700,"Stripe (Tarjetas)",REC-TEST-11000008,LIN100,M003,11500011,Pedro,Vargas,"Licenciado en Filologia",11,2,16,24,42,Reprobado
11000009,Luis,Rojas,Sanchez,luis.rojas.11000009@test.com,M,"La Salle",Pando,"Ingenieria de Sistemas",700,PayPal,REC-TEST-11000009,MAT100,N001,11500016,Fernando,Rojas,"Licenciado en Matematicas",30,17,24,25,66,Aprobado
11000009,Luis,Rojas,Sanchez,luis.rojas.11000009@test.com,M,"La Salle",Pando,"Ingenieria de Sistemas",700,PayPal,REC-TEST-11000009,FIS100,N001,11500017,Daniela,Fernandez,Fisico,28,17,23,34,74,Aprobado
11000009,Luis,Rojas,Sanchez,luis.rojas.11000009@test.com,M,"La Salle",Pando,"Ingenieria de Sistemas",700,PayPal,REC-TEST-11000009,INF100,N001,11500018,Juan,Vargas,"Ingeniero Informatico",30,24,4,30,58,Reprobado
11000009,Luis,Rojas,Sanchez,luis.rojas.11000009@test.com,M,"La Salle",Pando,"Ingenieria de Sistemas",700,PayPal,REC-TEST-11000009,LIN100,N001,11500019,Valeria,Rojas,"Licenciado en Filologia",12,17,24,17,58,Reprobado
11000010,Jorge,Gomez,Vargas,jorge.gomez.11000010@test.com,M,Evangelico,Oruro,"Ingenieria Informatica",700,PayPal,REC-TEST-11000010,MAT100,M003,11500008,Carmen,Vargas,"Licenciado en Matematicas",40,32,20,30,82,Aprobado
11000010,Jorge,Gomez,Vargas,jorge.gomez.11000010@test.com,M,Evangelico,Oruro,"Ingenieria Informatica",700,PayPal,REC-TEST-11000010,FIS100,M003,11500009,Elena,Rodriguez,Fisico,18,22,29,16,67,Aprobado
11000010,Jorge,Gomez,Vargas,jorge.gomez.11000010@test.com,M,Evangelico,Oruro,"Ingenieria Informatica",700,PayPal,REC-TEST-11000010,INF100,M003,11500010,Laura,Vargas,"Ingeniero Informatico",40,12,1,18,31,Reprobado
11000010,Jorge,Gomez,Vargas,jorge.gomez.11000010@test.com,M,Evangelico,Oruro,"Ingenieria Informatica",700,PayPal,REC-TEST-11000010,LIN100,M003,11500011,Pedro,Vargas,"Licenciado en Filologia",11,11,30,11,52,Reprobado
11000011,Pedro,Ramirez,Vargas,pedro.ramirez.11000011@test.com,M,"Nacional Florida",Beni,"Ingenieria en Redes",700,PayPal,REC-TEST-11000011,MAT100,M002,11500004,Luis,Rojas,"Licenciado en Matematicas",12,16,18,31,65,Aprobado
11000011,Pedro,Ramirez,Vargas,pedro.ramirez.11000011@test.com,M,"Nacional Florida",Beni,"Ingenieria en Redes",700,PayPal,REC-TEST-11000011,FIS100,M002,11500005,Diego,Lopez,Fisico,25,20,23,5,48,Reprobado
11000011,Pedro,Ramirez,Vargas,pedro.ramirez.11000011@test.com,M,"Nacional Florida",Beni,"Ingenieria en Redes",700,PayPal,REC-TEST-11000011,INF100,M002,11500006,Pedro,Fernandez,"Ingeniero Informatico",22,1,16,33,50,Reprobado
11000011,Pedro,Ramirez,Vargas,pedro.ramirez.11000011@test.com,M,"Nacional Florida",Beni,"Ingenieria en Redes",700,PayPal,REC-TEST-11000011,LIN100,M002,11500007,Miguel,Garcia,"Licenciado en Filologia",19,3,13,26,42,Reprobado
11000012,Andres,Vargas,Vargas,andres.vargas.11000012@test.com,M,"Nacional Florida",Oruro,"Ingenieria en Redes",700,"Transferencia Bancaria",REC-TEST-11000012,MAT100,N001,11500016,Fernando,Rojas,"Licenciado en Matematicas",30,16,11,8,35,Reprobado
11000012,Andres,Vargas,Vargas,andres.vargas.11000012@test.com,M,"Nacional Florida",Oruro,"Ingenieria en Redes",700,"Transferencia Bancaria",REC-TEST-11000012,FIS100,N001,11500017,Daniela,Fernandez,Fisico,28,5,14,23,42,Reprobado
11000012,Andres,Vargas,Vargas,andres.vargas.11000012@test.com,M,"Nacional Florida",Oruro,"Ingenieria en Redes",700,"Transferencia Bancaria",REC-TEST-11000012,INF100,N001,11500018,Juan,Vargas,"Ingeniero Informatico",30,14,25,9,48,Reprobado
11000012,Andres,Vargas,Vargas,andres.vargas.11000012@test.com,M,"Nacional Florida",Oruro,"Ingenieria en Redes",700,"Transferencia Bancaria",REC-TEST-11000012,LIN100,N001,11500019,Valeria,Rojas,"Licenciado en Filologia",12,16,31,7,54,Reprobado
11000013,Ana,Rodriguez,Martinez,ana.rodriguez.11000013@test.com,F,Uboldi,Oruro,"Ingenieria de Sistemas",700,"Transferencia Bancaria",REC-TEST-11000013,MAT100,M001,11500000,Valeria,Perez,"Licenciado en Matematicas",22,30,19,3,52,Reprobado
11000013,Ana,Rodriguez,Martinez,ana.rodriguez.11000013@test.com,F,Uboldi,Oruro,"Ingenieria de Sistemas",700,"Transferencia Bancaria",REC-TEST-11000013,FIS100,M001,11500001,Elena,Rojas,Fisico,11,16,25,8,49,Reprobado
11000013,Ana,Rodriguez,Martinez,ana.rodriguez.11000013@test.com,F,Uboldi,Oruro,"Ingenieria de Sistemas",700,"Transferencia Bancaria",REC-TEST-11000013,INF100,M001,11500002,Valeria,Vargas,"Ingeniero Informatico",28,19,7,28,54,Reprobado
11000013,Ana,Rodriguez,Martinez,ana.rodriguez.11000013@test.com,F,Uboldi,Oruro,"Ingenieria de Sistemas",700,"Transferencia Bancaria",REC-TEST-11000013,LIN100,M001,11500003,Ricardo,Rojas,"Licenciado en Filologia",29,29,16,7,52,Reprobado
11000014,Daniela,Rojas,Rojas,daniela.rojas.11000014@test.com,F,Espana,Sucre,"Ingenieria en Redes",700,"Stripe (Tarjetas)",REC-TEST-11000014,MAT100,M001,11500000,Valeria,Perez,"Licenciado en Matematicas",22,26,24,23,73,Aprobado
11000014,Daniela,Rojas,Rojas,daniela.rojas.11000014@test.com,F,Espana,Sucre,"Ingenieria en Redes",700,"Stripe (Tarjetas)",REC-TEST-11000014,FIS100,M001,11500001,Elena,Rojas,Fisico,11,3,1,19,23,Reprobado
11000014,Daniela,Rojas,Rojas,daniela.rojas.11000014@test.com,F,Espana,Sucre,"Ingenieria en Redes",700,"Stripe (Tarjetas)",REC-TEST-11000014,INF100,M001,11500002,Valeria,Vargas,"Ingeniero Informatico",28,8,26,8,42,Reprobado
11000014,Daniela,Rojas,Rojas,daniela.rojas.11000014@test.com,F,Espana,Sucre,"Ingenieria en Redes",700,"Stripe (Tarjetas)",REC-TEST-11000014,LIN100,M001,11500003,Ricardo,Rojas,"Licenciado en Filologia",29,11,3,22,36,Reprobado
11000015,Miguel,Vargas,Rodriguez,miguel.vargas.11000015@test.com,M,"Nacional Florida",Pando,"Ingenieria Informatica",700,"Transferencia Bancaria",REC-TEST-11000015,MAT100,M001,11500000,Valeria,Perez,"Licenciado en Matematicas",22,32,31,27,90,Aprobado
11000015,Miguel,Vargas,Rodriguez,miguel.vargas.11000015@test.com,M,"Nacional Florida",Pando,"Ingenieria Informatica",700,"Transferencia Bancaria",REC-TEST-11000015,FIS100,M001,11500001,Elena,Rojas,Fisico,11,20,26,24,70,Aprobado
11000015,Miguel,Vargas,Rodriguez,miguel.vargas.11000015@test.com,M,"Nacional Florida",Pando,"Ingenieria Informatica",700,"Transferencia Bancaria",REC-TEST-11000015,INF100,M001,11500002,Valeria,Vargas,"Ingeniero Informatico",28,32,28,12,72,Aprobado
11000015,Miguel,Vargas,Rodriguez,miguel.vargas.11000015@test.com,M,"Nacional Florida",Pando,"Ingenieria Informatica",700,"Transferencia Bancaria",REC-TEST-11000015,LIN100,M001,11500003,Ricardo,Rojas,"Licenciado en Filologia",29,12,17,31,60,Aprobado
11000016,Sofia,Ramirez,Rodriguez,sofia.ramirez.11000016@test.com,F,Uboldi,Sucre,"Ingenieria de Sistemas",700,PayPal,REC-TEST-11000016,MAT100,N001,11500016,Fernando,Rojas,"Licenciado en Matematicas",30,31,21,3,55,Reprobado
11000016,Sofia,Ramirez,Rodriguez,sofia.ramirez.11000016@test.com,F,Uboldi,Sucre,"Ingenieria de Sistemas",700,PayPal,REC-TEST-11000016,FIS100,N001,11500017,Daniela,Fernandez,Fisico,28,26,16,15,57,Reprobado
11000016,Sofia,Ramirez,Rodriguez,sofia.ramirez.11000016@test.com,F,Uboldi,Sucre,"Ingenieria de Sistemas",700,PayPal,REC-TEST-11000016,INF100,N001,11500018,Juan,Vargas,"Ingeniero Informatico",30,19,9,34,62,Aprobado
11000016,Sofia,Ramirez,Rodriguez,sofia.ramirez.11000016@test.com,F,Uboldi,Sucre,"Ingenieria de Sistemas",700,PayPal,REC-TEST-11000016,LIN100,N001,11500019,Valeria,Rojas,"Licenciado en Filologia",12,33,24,32,89,Aprobado
11000017,Carlos,Fernandez,Vargas,carlos.fernandez.11000017@test.com,M,"La Salle",Sucre,"Ingenieria en Redes",700,PayPal,REC-TEST-11000017,MAT100,M003,11500008,Carmen,Vargas,"Licenciado en Matematicas",40,28,1,10,39,Reprobado
11000017,Carlos,Fernandez,Vargas,carlos.fernandez.11000017@test.com,M,"La Salle",Sucre,"Ingenieria en Redes",700,PayPal,REC-TEST-11000017,FIS100,M003,11500009,Elena,Rodriguez,Fisico,18,7,16,26,49,Reprobado
11000017,Carlos,Fernandez,Vargas,carlos.fernandez.11000017@test.com,M,"La Salle",Sucre,"Ingenieria en Redes",700,PayPal,REC-TEST-11000017,INF100,M003,11500010,Laura,Vargas,"Ingeniero Informatico",40,12,9,9,30,Reprobado
11000017,Carlos,Fernandez,Vargas,carlos.fernandez.11000017@test.com,M,"La Salle",Sucre,"Ingenieria en Redes",700,PayPal,REC-TEST-11000017,LIN100,M003,11500011,Pedro,Vargas,"Licenciado en Filologia",11,11,33,27,71,Aprobado
11000018,Andres,Lopez,Lopez,andres.lopez.11000018@test.com,M,Marista,Sucre,"Ingenieria en Redes",700,PayPal,REC-TEST-11000018,MAT100,M001,11500000,Valeria,Perez,"Licenciado en Matematicas",22,32,6,30,68,Aprobado
11000018,Andres,Lopez,Lopez,andres.lopez.11000018@test.com,M,Marista,Sucre,"Ingenieria en Redes",700,PayPal,REC-TEST-11000018,FIS100,M001,11500001,Elena,Rojas,Fisico,11,8,18,18,44,Reprobado
11000018,Andres,Lopez,Lopez,andres.lopez.11000018@test.com,M,Marista,Sucre,"Ingenieria en Redes",700,PayPal,REC-TEST-11000018,INF100,M001,11500002,Valeria,Vargas,"Ingeniero Informatico",28,7,0,2,9,Reprobado
11000018,Andres,Lopez,Lopez,andres.lopez.11000018@test.com,M,Marista,Sucre,"Ingenieria en Redes",700,PayPal,REC-TEST-11000018,LIN100,M001,11500003,Ricardo,Rojas,"Licenciado en Filologia",29,28,19,32,79,Aprobado
11000019,Marta,Gomez,Gomez,marta.gomez.11000019@test.com,F,Marista,"Santa Cruz","Ingenieria de Sistemas",700,PayPal,REC-TEST-11000019,MAT100,N001,11500016,Fernando,Rojas,"Licenciado en Matematicas",30,31,29,26,86,Aprobado
11000019,Marta,Gomez,Gomez,marta.gomez.11000019@test.com,F,Marista,"Santa Cruz","Ingenieria de Sistemas",700,PayPal,REC-TEST-11000019,FIS100,N001,11500017,Daniela,Fernandez,Fisico,28,13,16,1,30,Reprobado
11000019,Marta,Gomez,Gomez,marta.gomez.11000019@test.com,F,Marista,"Santa Cruz","Ingenieria de Sistemas",700,PayPal,REC-TEST-11000019,INF100,N001,11500018,Juan,Vargas,"Ingeniero Informatico",30,22,2,13,37,Reprobado
11000019,Marta,Gomez,Gomez,marta.gomez.11000019@test.com,F,Marista,"Santa Cruz","Ingenieria de Sistemas",700,PayPal,REC-TEST-11000019,LIN100,N001,11500019,Valeria,Rojas,"Licenciado en Filologia",12,20,27,17,64,Aprobado
11000020,Roberto,Sanchez,Lopez,roberto.sanchez.11000020@test.com,M,"Don Bosco",Oruro,"Ingenieria Informatica",700,PayPal,REC-TEST-11000020,MAT100,N001,11500016,Fernando,Rojas,"Licenciado en Matematicas",30,22,3,13,38,Reprobado
11000020,Roberto,Sanchez,Lopez,roberto.sanchez.11000020@test.com,M,"Don Bosco",Oruro,"Ingenieria Informatica",700,PayPal,REC-TEST-11000020,FIS100,N001,11500017,Daniela,Fernandez,Fisico,28,26,23,12,61,Aprobado
11000020,Roberto,Sanchez,Lopez,roberto.sanchez.11000020@test.com,M,"Don Bosco",Oruro,"Ingenieria Informatica",700,PayPal,REC-TEST-11000020,INF100,N001,11500018,Juan,Vargas,"Ingeniero Informatico",30,18,21,6,45,Reprobado
11000020,Roberto,Sanchez,Lopez,roberto.sanchez.11000020@test.com,M,"Don Bosco",Oruro,"Ingenieria Informatica",700,PayPal,REC-TEST-11000020,LIN100,N001,11500019,Valeria,Rojas,"Licenciado en Filologia",12,4,31,30,65,Aprobado
11000021,Valeria,Garcia,Fernandez,valeria.garcia.11000021@test.com,F,Espana,Sucre,"Ingenieria de Sistemas",700,"Stripe (Tarjetas)",REC-TEST-11000021,MAT100,M001,11500000,Valeria,Perez,"Licenciado en Matematicas",22,32,15,8,55,Reprobado
11000021,Valeria,Garcia,Fernandez,valeria.garcia.11000021@test.com,F,Espana,Sucre,"Ingenieria de Sistemas",700,"Stripe (Tarjetas)",REC-TEST-11000021,FIS100,M001,11500001,Elena,Rojas,Fisico,11,15,8,29,52,Reprobado
11000021,Valeria,Garcia,Fernandez,valeria.garcia.11000021@test.com,F,Espana,Sucre,"Ingenieria de Sistemas",700,"Stripe (Tarjetas)",REC-TEST-11000021,INF100,M001,11500002,Valeria,Vargas,"Ingeniero Informatico",28,29,26,31,86,Aprobado
11000021,Valeria,Garcia,Fernandez,valeria.garcia.11000021@test.com,F,Espana,Sucre,"Ingenieria de Sistemas",700,"Stripe (Tarjetas)",REC-TEST-11000021,LIN100,M001,11500003,Ricardo,Rojas,"Licenciado en Filologia",29,20,22,22,64,Aprobado
11000022,Paula,Sanchez,Sanchez,paula.sanchez.11000022@test.com,F,Espana,Pando,"Ingenieria Informatica",700,"Transferencia Bancaria",REC-TEST-11000022,MAT100,T001,11500012,Laura,Sanchez,"Licenciado en Matematicas",22,31,32,2,65,Aprobado
11000022,Paula,Sanchez,Sanchez,paula.sanchez.11000022@test.com,F,Espana,Pando,"Ingenieria Informatica",700,"Transferencia Bancaria",REC-TEST-11000022,FIS100,T001,11500013,Lucia,Vargas,Fisico,13,11,21,19,51,Reprobado
11000022,Paula,Sanchez,Sanchez,paula.sanchez.11000022@test.com,F,Espana,Pando,"Ingenieria Informatica",700,"Transferencia Bancaria",REC-TEST-11000022,INF100,T001,11500014,Marta,Sanchez,"Ingeniero Informatico",11,9,7,18,34,Reprobado
11000022,Paula,Sanchez,Sanchez,paula.sanchez.11000022@test.com,F,Espana,Pando,"Ingenieria Informatica",700,"Transferencia Bancaria",REC-TEST-11000022,LIN100,T001,11500015,Gabriela,Vargas,"Licenciado en Filologia",39,14,27,2,43,Reprobado
11000023,Marta,Torres,Torres,marta.torres.11000023@test.com,F,Evangelico,Tarija,"Ingenieria de Sistemas",700,"Stripe (Tarjetas)",REC-TEST-11000023,MAT100,M002,11500004,Luis,Rojas,"Licenciado en Matematicas",12,10,7,18,35,Reprobado
11000023,Marta,Torres,Torres,marta.torres.11000023@test.com,F,Evangelico,Tarija,"Ingenieria de Sistemas",700,"Stripe (Tarjetas)",REC-TEST-11000023,FIS100,M002,11500005,Diego,Lopez,Fisico,25,11,11,16,38,Reprobado
11000023,Marta,Torres,Torres,marta.torres.11000023@test.com,F,Evangelico,Tarija,"Ingenieria de Sistemas",700,"Stripe (Tarjetas)",REC-TEST-11000023,INF100,M002,11500006,Pedro,Fernandez,"Ingeniero Informatico",22,4,13,1,18,Reprobado
11000023,Marta,Torres,Torres,marta.torres.11000023@test.com,F,Evangelico,Tarija,"Ingenieria de Sistemas",700,"Stripe (Tarjetas)",REC-TEST-11000023,LIN100,M002,11500007,Miguel,Garcia,"Licenciado en Filologia",19,27,10,18,55,Reprobado
11000024,Ricardo,Rojas,Vargas,ricardo.rojas.11000024@test.com,M,Evangelico,Oruro,"Ingenieria en Redes",700,PayPal,REC-TEST-11000024,MAT100,M001,11500000,Valeria,Perez,"Licenciado en Matematicas",22,10,11,24,45,Reprobado
11000024,Ricardo,Rojas,Vargas,ricardo.rojas.11000024@test.com,M,Evangelico,Oruro,"Ingenieria en Redes",700,PayPal,REC-TEST-11000024,FIS100,M001,11500001,Elena,Rojas,Fisico,11,10,28,5,43,Reprobado
11000024,Ricardo,Rojas,Vargas,ricardo.rojas.11000024@test.com,M,Evangelico,Oruro,"Ingenieria en Redes",700,PayPal,REC-TEST-11000024,INF100,M001,11500002,Valeria,Vargas,"Ingeniero Informatico",28,1,10,4,15,Reprobado
11000024,Ricardo,Rojas,Vargas,ricardo.rojas.11000024@test.com,M,Evangelico,Oruro,"Ingenieria en Redes",700,PayPal,REC-TEST-11000024,LIN100,M001,11500003,Ricardo,Rojas,"Licenciado en Filologia",29,16,18,7,41,Reprobado
11000025,Jose,Rodriguez,Rojas,jose.rodriguez.11000025@test.com,M,"Domingo Savio",Oruro,"Ingenieria Informatica",700,"Transferencia Bancaria",REC-TEST-11000025,MAT100,T001,11500012,Laura,Sanchez,"Licenciado en Matematicas",22,15,3,29,47,Reprobado
11000025,Jose,Rodriguez,Rojas,jose.rodriguez.11000025@test.com,M,"Domingo Savio",Oruro,"Ingenieria Informatica",700,"Transferencia Bancaria",REC-TEST-11000025,FIS100,T001,11500013,Lucia,Vargas,Fisico,13,27,26,16,69,Aprobado
11000025,Jose,Rodriguez,Rojas,jose.rodriguez.11000025@test.com,M,"Domingo Savio",Oruro,"Ingenieria Informatica",700,"Transferencia Bancaria",REC-TEST-11000025,INF100,T001,11500014,Marta,Sanchez,"Ingeniero Informatico",11,15,18,15,48,Reprobado
11000025,Jose,Rodriguez,Rojas,jose.rodriguez.11000025@test.com,M,"Domingo Savio",Oruro,"Ingenieria Informatica",700,"Transferencia Bancaria",REC-TEST-11000025,LIN100,T001,11500015,Gabriela,Vargas,"Licenciado en Filologia",39,3,21,1,25,Reprobado
11000026,Gabriela,Gomez,Fernandez,gabriela.gomez.11000026@test.com,F,"Domingo Savio","Santa Cruz","Ingenieria en Redes",700,PayPal,REC-TEST-11000026,MAT100,M003,11500008,Carmen,Vargas,"Licenciado en Matematicas",40,7,30,8,45,Reprobado
11000026,Gabriela,Gomez,Fernandez,gabriela.gomez.11000026@test.com,F,"Domingo Savio","Santa Cruz","Ingenieria en Redes",700,PayPal,REC-TEST-11000026,FIS100,M003,11500009,Elena,Rodriguez,Fisico,18,3,29,28,60,Aprobado
11000026,Gabriela,Gomez,Fernandez,gabriela.gomez.11000026@test.com,F,"Domingo Savio","Santa Cruz","Ingenieria en Redes",700,PayPal,REC-TEST-11000026,INF100,M003,11500010,Laura,Vargas,"Ingeniero Informatico",40,19,13,24,56,Reprobado
11000026,Gabriela,Gomez,Fernandez,gabriela.gomez.11000026@test.com,F,"Domingo Savio","Santa Cruz","Ingenieria en Redes",700,PayPal,REC-TEST-11000026,LIN100,M003,11500011,Pedro,Vargas,"Licenciado en Filologia",11,7,1,16,24,Reprobado
11000027,Laura,Perez,Perez,laura.perez.11000027@test.com,F,Uboldi,Pando,"Ingenieria Informatica",700,"Transferencia Bancaria",REC-TEST-11000027,MAT100,M002,11500004,Luis,Rojas,"Licenciado en Matematicas",12,20,31,25,76,Aprobado
11000027,Laura,Perez,Perez,laura.perez.11000027@test.com,F,Uboldi,Pando,"Ingenieria Informatica",700,"Transferencia Bancaria",REC-TEST-11000027,FIS100,M002,11500005,Diego,Lopez,Fisico,25,3,10,14,27,Reprobado
11000027,Laura,Perez,Perez,laura.perez.11000027@test.com,F,Uboldi,Pando,"Ingenieria Informatica",700,"Transferencia Bancaria",REC-TEST-11000027,INF100,M002,11500006,Pedro,Fernandez,"Ingeniero Informatico",22,14,13,4,31,Reprobado
11000027,Laura,Perez,Perez,laura.perez.11000027@test.com,F,Uboldi,Pando,"Ingenieria Informatica",700,"Transferencia Bancaria",REC-TEST-11000027,LIN100,M002,11500007,Miguel,Garcia,"Licenciado en Filologia",19,19,13,28,60,Aprobado
11000028,Lucia,Garcia,Ramirez,lucia.garcia.11000028@test.com,F,"Nacional Florida","La Paz","Ingenieria de Sistemas",700,"Transferencia Bancaria",REC-TEST-11000028,MAT100,M002,11500004,Luis,Rojas,"Licenciado en Matematicas",12,1,26,8,35,Reprobado
11000028,Lucia,Garcia,Ramirez,lucia.garcia.11000028@test.com,F,"Nacional Florida","La Paz","Ingenieria de Sistemas",700,"Transferencia Bancaria",REC-TEST-11000028,FIS100,M002,11500005,Diego,Lopez,Fisico,25,27,17,0,44,Reprobado
11000028,Lucia,Garcia,Ramirez,lucia.garcia.11000028@test.com,F,"Nacional Florida","La Paz","Ingenieria de Sistemas",700,"Transferencia Bancaria",REC-TEST-11000028,INF100,M002,11500006,Pedro,Fernandez,"Ingeniero Informatico",22,14,13,20,47,Reprobado
11000028,Lucia,Garcia,Ramirez,lucia.garcia.11000028@test.com,F,"Nacional Florida","La Paz","Ingenieria de Sistemas",700,"Transferencia Bancaria",REC-TEST-11000028,LIN100,M002,11500007,Miguel,Garcia,"Licenciado en Filologia",19,21,0,21,42,Reprobado
11000029,Diego,Rojas,Lopez,diego.rojas.11000029@test.com,M,"Don Bosco","La Paz","Ingenieria Informatica",700,"Transferencia Bancaria",REC-TEST-11000029,MAT100,M002,11500004,Luis,Rojas,"Licenciado en Matematicas",12,27,13,33,73,Aprobado
11000029,Diego,Rojas,Lopez,diego.rojas.11000029@test.com,M,"Don Bosco","La Paz","Ingenieria Informatica",700,"Transferencia Bancaria",REC-TEST-11000029,FIS100,M002,11500005,Diego,Lopez,Fisico,25,26,3,5,34,Reprobado
11000029,Diego,Rojas,Lopez,diego.rojas.11000029@test.com,M,"Don Bosco","La Paz","Ingenieria Informatica",700,"Transferencia Bancaria",REC-TEST-11000029,INF100,M002,11500006,Pedro,Fernandez,"Ingeniero Informatico",22,22,4,23,49,Reprobado
11000029,Diego,Rojas,Lopez,diego.rojas.11000029@test.com,M,"Don Bosco","La Paz","Ingenieria Informatica",700,"Transferencia Bancaria",REC-TEST-11000029,LIN100,M002,11500007,Miguel,Garcia,"Licenciado en Filologia",19,29,7,16,52,Reprobado
11000030,Juan,Garcia,Lopez,juan.garcia.11000030@test.com,M,Espana,Cochabamba,"Ingenieria de Sistemas",700,"Stripe (Tarjetas)",REC-TEST-11000030,MAT100,M001,11500000,Valeria,Perez,"Licenciado en Matematicas",22,29,2,26,57,Reprobado
11000030,Juan,Garcia,Lopez,juan.garcia.11000030@test.com,M,Espana,Cochabamba,"Ingenieria de Sistemas",700,"Stripe (Tarjetas)",REC-TEST-11000030,FIS100,M001,11500001,Elena,Rojas,Fisico,11,11,0,2,13,Reprobado
11000030,Juan,Garcia,Lopez,juan.garcia.11000030@test.com,M,Espana,Cochabamba,"Ingenieria de Sistemas",700,"Stripe (Tarjetas)",REC-TEST-11000030,INF100,M001,11500002,Valeria,Vargas,"Ingeniero Informatico",28,32,20,16,68,Aprobado
11000030,Juan,Garcia,Lopez,juan.garcia.11000030@test.com,M,Espana,Cochabamba,"Ingenieria de Sistemas",700,"Stripe (Tarjetas)",REC-TEST-11000030,LIN100,M001,11500003,Ricardo,Rojas,"Licenciado en Filologia",29,16,32,3,51,Reprobado
11000031,Marta,Fernandez,Gomez,marta.fernandez.11000031@test.com,F,Marista,Beni,"Ingenieria en Redes",700,"Transferencia Bancaria",REC-TEST-11000031,MAT100,M002,11500004,Luis,Rojas,"Licenciado en Matematicas",12,6,30,34,70,Aprobado
11000031,Marta,Fernandez,Gomez,marta.fernandez.11000031@test.com,F,Marista,Beni,"Ingenieria en Redes",700,"Transferencia Bancaria",REC-TEST-11000031,FIS100,M002,11500005,Diego,Lopez,Fisico,25,30,9,34,73,Aprobado
11000031,Marta,Fernandez,Gomez,marta.fernandez.11000031@test.com,F,Marista,Beni,"Ingenieria en Redes",700,"Transferencia Bancaria",REC-TEST-11000031,INF100,M002,11500006,Pedro,Fernandez,"Ingeniero Informatico",22,3,0,25,28,Reprobado
11000031,Marta,Fernandez,Gomez,marta.fernandez.11000031@test.com,F,Marista,Beni,"Ingenieria en Redes",700,"Transferencia Bancaria",REC-TEST-11000031,LIN100,M002,11500007,Miguel,Garcia,"Licenciado en Filologia",19,6,2,0,8,Reprobado
11000032,Daniela,Martinez,Ramirez,daniela.martinez.11000032@test.com,F,"Don Bosco",Tarija,"Ingenieria Informatica",700,"Stripe (Tarjetas)",REC-TEST-11000032,MAT100,M001,11500000,Valeria,Perez,"Licenciado en Matematicas",22,23,0,20,43,Reprobado
11000032,Daniela,Martinez,Ramirez,daniela.martinez.11000032@test.com,F,"Don Bosco",Tarija,"Ingenieria Informatica",700,"Stripe (Tarjetas)",REC-TEST-11000032,FIS100,M001,11500001,Elena,Rojas,Fisico,11,21,13,13,47,Reprobado
11000032,Daniela,Martinez,Ramirez,daniela.martinez.11000032@test.com,F,"Don Bosco",Tarija,"Ingenieria Informatica",700,"Stripe (Tarjetas)",REC-TEST-11000032,INF100,M001,11500002,Valeria,Vargas,"Ingeniero Informatico",28,18,5,24,47,Reprobado
11000032,Daniela,Martinez,Ramirez,daniela.martinez.11000032@test.com,F,"Don Bosco",Tarija,"Ingenieria Informatica",700,"Stripe (Tarjetas)",REC-TEST-11000032,LIN100,M001,11500003,Ricardo,Rojas,"Licenciado en Filologia",29,5,27,2,34,Reprobado
11000033,Valeria,Martinez,Ramirez,valeria.martinez.11000033@test.com,F,"Domingo Savio","La Paz","Ingenieria de Sistemas",700,PayPal,REC-TEST-11000033,MAT100,M002,11500004,Luis,Rojas,"Licenciado en Matematicas",12,5,23,0,28,Reprobado
11000033,Valeria,Martinez,Ramirez,valeria.martinez.11000033@test.com,F,"Domingo Savio","La Paz","Ingenieria de Sistemas",700,PayPal,REC-TEST-11000033,FIS100,M002,11500005,Diego,Lopez,Fisico,25,19,21,20,60,Aprobado
11000033,Valeria,Martinez,Ramirez,valeria.martinez.11000033@test.com,F,"Domingo Savio","La Paz","Ingenieria de Sistemas",700,PayPal,REC-TEST-11000033,INF100,M002,11500006,Pedro,Fernandez,"Ingeniero Informatico",22,4,1,2,7,Reprobado
11000033,Valeria,Martinez,Ramirez,valeria.martinez.11000033@test.com,F,"Domingo Savio","La Paz","Ingenieria de Sistemas",700,PayPal,REC-TEST-11000033,LIN100,M002,11500007,Miguel,Garcia,"Licenciado en Filologia",19,31,8,20,59,Reprobado
11000034,Paula,Vargas,Sanchez,paula.vargas.11000034@test.com,F,Espana,Pando,"Ingenieria Informatica",700,PayPal,REC-TEST-11000034,MAT100,M003,11500008,Carmen,Vargas,"Licenciado en Matematicas",40,7,28,17,52,Reprobado
11000034,Paula,Vargas,Sanchez,paula.vargas.11000034@test.com,F,Espana,Pando,"Ingenieria Informatica",700,PayPal,REC-TEST-11000034,FIS100,M003,11500009,Elena,Rodriguez,Fisico,18,16,17,24,57,Reprobado
11000034,Paula,Vargas,Sanchez,paula.vargas.11000034@test.com,F,Espana,Pando,"Ingenieria Informatica",700,PayPal,REC-TEST-11000034,INF100,M003,11500010,Laura,Vargas,"Ingeniero Informatico",40,8,16,26,50,Reprobado
11000034,Paula,Vargas,Sanchez,paula.vargas.11000034@test.com,F,Espana,Pando,"Ingenieria Informatica",700,PayPal,REC-TEST-11000034,LIN100,M003,11500011,Pedro,Vargas,"Licenciado en Filologia",11,32,17,24,73,Aprobado
11000035,Elena,Vargas,Gomez,elena.vargas.11000035@test.com,F,Uboldi,Sucre,"Ingenieria Informatica",700,PayPal,REC-TEST-11000035,MAT100,M001,11500000,Valeria,Perez,"Licenciado en Matematicas",22,19,14,4,37,Reprobado
11000035,Elena,Vargas,Gomez,elena.vargas.11000035@test.com,F,Uboldi,Sucre,"Ingenieria Informatica",700,PayPal,REC-TEST-11000035,FIS100,M001,11500001,Elena,Rojas,Fisico,11,0,10,18,28,Reprobado
11000035,Elena,Vargas,Gomez,elena.vargas.11000035@test.com,F,Uboldi,Sucre,"Ingenieria Informatica",700,PayPal,REC-TEST-11000035,INF100,M001,11500002,Valeria,Vargas,"Ingeniero Informatico",28,20,10,13,43,Reprobado
11000035,Elena,Vargas,Gomez,elena.vargas.11000035@test.com,F,Uboldi,Sucre,"Ingenieria Informatica",700,PayPal,REC-TEST-11000035,LIN100,M001,11500003,Ricardo,Rojas,"Licenciado en Filologia",29,23,30,14,67,Aprobado
11000036,Gabriela,Rojas,Perez,gabriela.rojas.11000036@test.com,F,Evangelico,Cochabamba,"Ingenieria de Sistemas",700,"Transferencia Bancaria",REC-TEST-11000036,MAT100,T001,11500012,Laura,Sanchez,"Licenciado en Matematicas",22,14,14,4,32,Reprobado
11000036,Gabriela,Rojas,Perez,gabriela.rojas.11000036@test.com,F,Evangelico,Cochabamba,"Ingenieria de Sistemas",700,"Transferencia Bancaria",REC-TEST-11000036,FIS100,T001,11500013,Lucia,Vargas,Fisico,13,5,8,33,46,Reprobado
11000036,Gabriela,Rojas,Perez,gabriela.rojas.11000036@test.com,F,Evangelico,Cochabamba,"Ingenieria de Sistemas",700,"Transferencia Bancaria",REC-TEST-11000036,INF100,T001,11500014,Marta,Sanchez,"Ingeniero Informatico",11,21,5,19,45,Reprobado
11000036,Gabriela,Rojas,Perez,gabriela.rojas.11000036@test.com,F,Evangelico,Cochabamba,"Ingenieria de Sistemas",700,"Transferencia Bancaria",REC-TEST-11000036,LIN100,T001,11500015,Gabriela,Vargas,"Licenciado en Filologia",39,19,29,14,62,Aprobado
11000037,Marta,Lopez,Torres,marta.lopez.11000037@test.com,F,"Nacional Florida",Beni,"Ingenieria de Sistemas",700,"Transferencia Bancaria",REC-TEST-11000037,MAT100,M003,11500008,Carmen,Vargas,"Licenciado en Matematicas",40,15,11,0,26,Reprobado
11000037,Marta,Lopez,Torres,marta.lopez.11000037@test.com,F,"Nacional Florida",Beni,"Ingenieria de Sistemas",700,"Transferencia Bancaria",REC-TEST-11000037,FIS100,M003,11500009,Elena,Rodriguez,Fisico,18,1,28,13,42,Reprobado
11000037,Marta,Lopez,Torres,marta.lopez.11000037@test.com,F,"Nacional Florida",Beni,"Ingenieria de Sistemas",700,"Transferencia Bancaria",REC-TEST-11000037,INF100,M003,11500010,Laura,Vargas,"Ingeniero Informatico",40,3,17,7,27,Reprobado
11000037,Marta,Lopez,Torres,marta.lopez.11000037@test.com,F,"Nacional Florida",Beni,"Ingenieria de Sistemas",700,"Transferencia Bancaria",REC-TEST-11000037,LIN100,M003,11500011,Pedro,Vargas,"Licenciado en Filologia",11,15,14,28,57,Reprobado
11000038,Daniela,Torres,Torres,daniela.torres.11000038@test.com,F,"La Salle","La Paz","Ingenieria en Redes",700,"Transferencia Bancaria",REC-TEST-11000038,MAT100,M001,11500000,Valeria,Perez,"Licenciado en Matematicas",22,8,20,27,55,Reprobado
11000038,Daniela,Torres,Torres,daniela.torres.11000038@test.com,F,"La Salle","La Paz","Ingenieria en Redes",700,"Transferencia Bancaria",REC-TEST-11000038,FIS100,M001,11500001,Elena,Rojas,Fisico,11,31,20,18,69,Aprobado
11000038,Daniela,Torres,Torres,daniela.torres.11000038@test.com,F,"La Salle","La Paz","Ingenieria en Redes",700,"Transferencia Bancaria",REC-TEST-11000038,INF100,M001,11500002,Valeria,Vargas,"Ingeniero Informatico",28,22,14,14,50,Reprobado
11000038,Daniela,Torres,Torres,daniela.torres.11000038@test.com,F,"La Salle","La Paz","Ingenieria en Redes",700,"Transferencia Bancaria",REC-TEST-11000038,LIN100,M001,11500003,Ricardo,Rojas,"Licenciado en Filologia",29,3,24,19,46,Reprobado
11000039,Carmen,Ramirez,Vargas,carmen.ramirez.11000039@test.com,F,Uboldi,Potosi,"Ingenieria Informatica",700,PayPal,REC-TEST-11000039,MAT100,M003,11500008,Carmen,Vargas,"Licenciado en Matematicas",40,26,3,12,41,Reprobado
11000039,Carmen,Ramirez,Vargas,carmen.ramirez.11000039@test.com,F,Uboldi,Potosi,"Ingenieria Informatica",700,PayPal,REC-TEST-11000039,FIS100,M003,11500009,Elena,Rodriguez,Fisico,18,32,5,5,42,Reprobado
11000039,Carmen,Ramirez,Vargas,carmen.ramirez.11000039@test.com,F,Uboldi,Potosi,"Ingenieria Informatica",700,PayPal,REC-TEST-11000039,INF100,M003,11500010,Laura,Vargas,"Ingeniero Informatico",40,24,0,20,44,Reprobado
11000039,Carmen,Ramirez,Vargas,carmen.ramirez.11000039@test.com,F,Uboldi,Potosi,"Ingenieria Informatica",700,PayPal,REC-TEST-11000039,LIN100,M003,11500011,Pedro,Vargas,"Licenciado en Filologia",11,24,17,4,45,Reprobado
11000040,Daniela,Fernandez,Garcia,daniela.fernandez.11000040@test.com,F,Uboldi,Tarija,"Ingenieria de Sistemas",700,PayPal,REC-TEST-11000040,MAT100,T001,11500012,Laura,Sanchez,"Licenciado en Matematicas",22,1,27,31,59,Reprobado
11000040,Daniela,Fernandez,Garcia,daniela.fernandez.11000040@test.com,F,Uboldi,Tarija,"Ingenieria de Sistemas",700,PayPal,REC-TEST-11000040,FIS100,T001,11500013,Lucia,Vargas,Fisico,13,9,29,26,64,Aprobado
11000040,Daniela,Fernandez,Garcia,daniela.fernandez.11000040@test.com,F,Uboldi,Tarija,"Ingenieria de Sistemas",700,PayPal,REC-TEST-11000040,INF100,T001,11500014,Marta,Sanchez,"Ingeniero Informatico",11,12,31,21,64,Aprobado
11000040,Daniela,Fernandez,Garcia,daniela.fernandez.11000040@test.com,F,Uboldi,Tarija,"Ingenieria de Sistemas",700,PayPal,REC-TEST-11000040,LIN100,T001,11500015,Gabriela,Vargas,"Licenciado en Filologia",39,3,20,7,30,Reprobado
11000041,Luis,Rodriguez,Fernandez,luis.rodriguez.11000041@test.com,M,"Domingo Savio",Cochabamba,"Ingenieria de Sistemas",700,PayPal,REC-TEST-11000041,MAT100,M001,11500000,Valeria,Perez,"Licenciado en Matematicas",22,2,16,19,37,Reprobado
11000041,Luis,Rodriguez,Fernandez,luis.rodriguez.11000041@test.com,M,"Domingo Savio",Cochabamba,"Ingenieria de Sistemas",700,PayPal,REC-TEST-11000041,FIS100,M001,11500001,Elena,Rojas,Fisico,11,8,7,4,19,Reprobado
11000041,Luis,Rodriguez,Fernandez,luis.rodriguez.11000041@test.com,M,"Domingo Savio",Cochabamba,"Ingenieria de Sistemas",700,PayPal,REC-TEST-11000041,INF100,M001,11500002,Valeria,Vargas,"Ingeniero Informatico",28,24,2,26,52,Reprobado
11000041,Luis,Rodriguez,Fernandez,luis.rodriguez.11000041@test.com,M,"Domingo Savio",Cochabamba,"Ingenieria de Sistemas",700,PayPal,REC-TEST-11000041,LIN100,M001,11500003,Ricardo,Rojas,"Licenciado en Filologia",29,26,21,2,49,Reprobado
11000042,Miguel,Perez,Garcia,miguel.perez.11000042@test.com,M,Evangelico,Cochabamba,"Ingenieria Informatica",700,"Stripe (Tarjetas)",REC-TEST-11000042,MAT100,M003,11500008,Carmen,Vargas,"Licenciado en Matematicas",40,32,9,5,46,Reprobado
11000042,Miguel,Perez,Garcia,miguel.perez.11000042@test.com,M,Evangelico,Cochabamba,"Ingenieria Informatica",700,"Stripe (Tarjetas)",REC-TEST-11000042,FIS100,M003,11500009,Elena,Rodriguez,Fisico,18,16,11,10,37,Reprobado
11000042,Miguel,Perez,Garcia,miguel.perez.11000042@test.com,M,Evangelico,Cochabamba,"Ingenieria Informatica",700,"Stripe (Tarjetas)",REC-TEST-11000042,INF100,M003,11500010,Laura,Vargas,"Ingeniero Informatico",40,26,9,8,43,Reprobado
11000042,Miguel,Perez,Garcia,miguel.perez.11000042@test.com,M,Evangelico,Cochabamba,"Ingenieria Informatica",700,"Stripe (Tarjetas)",REC-TEST-11000042,LIN100,M003,11500011,Pedro,Vargas,"Licenciado en Filologia",11,25,16,1,42,Reprobado
11000043,Laura,Sanchez,Lopez,laura.sanchez.11000043@test.com,F,"Don Bosco",Sucre,"Ingenieria de Sistemas",700,PayPal,REC-TEST-11000043,MAT100,N001,11500016,Fernando,Rojas,"Licenciado en Matematicas",30,21,25,23,69,Aprobado
11000043,Laura,Sanchez,Lopez,laura.sanchez.11000043@test.com,F,"Don Bosco",Sucre,"Ingenieria de Sistemas",700,PayPal,REC-TEST-11000043,FIS100,N001,11500017,Daniela,Fernandez,Fisico,28,9,0,16,25,Reprobado
11000043,Laura,Sanchez,Lopez,laura.sanchez.11000043@test.com,F,"Don Bosco",Sucre,"Ingenieria de Sistemas",700,PayPal,REC-TEST-11000043,INF100,N001,11500018,Juan,Vargas,"Ingeniero Informatico",30,24,4,11,39,Reprobado
11000043,Laura,Sanchez,Lopez,laura.sanchez.11000043@test.com,F,"Don Bosco",Sucre,"Ingenieria de Sistemas",700,PayPal,REC-TEST-11000043,LIN100,N001,11500019,Valeria,Rojas,"Licenciado en Filologia",12,13,32,32,77,Aprobado
11000044,Daniela,Sanchez,Lopez,daniela.sanchez.11000044@test.com,F,Espana,Oruro,"Ingenieria de Sistemas",700,"Stripe (Tarjetas)",REC-TEST-11000044,MAT100,M002,11500004,Luis,Rojas,"Licenciado en Matematicas",12,3,30,3,36,Reprobado
11000044,Daniela,Sanchez,Lopez,daniela.sanchez.11000044@test.com,F,Espana,Oruro,"Ingenieria de Sistemas",700,"Stripe (Tarjetas)",REC-TEST-11000044,FIS100,M002,11500005,Diego,Lopez,Fisico,25,11,21,10,42,Reprobado
11000044,Daniela,Sanchez,Lopez,daniela.sanchez.11000044@test.com,F,Espana,Oruro,"Ingenieria de Sistemas",700,"Stripe (Tarjetas)",REC-TEST-11000044,INF100,M002,11500006,Pedro,Fernandez,"Ingeniero Informatico",22,0,12,1,13,Reprobado
11000044,Daniela,Sanchez,Lopez,daniela.sanchez.11000044@test.com,F,Espana,Oruro,"Ingenieria de Sistemas",700,"Stripe (Tarjetas)",REC-TEST-11000044,LIN100,M002,11500007,Miguel,Garcia,"Licenciado en Filologia",19,32,27,30,89,Aprobado
11000045,Jose,Vargas,Vargas,jose.vargas.11000045@test.com,M,"Domingo Savio",Beni,"Ingenieria de Sistemas",700,"Transferencia Bancaria",REC-TEST-11000045,MAT100,T001,11500012,Laura,Sanchez,"Licenciado en Matematicas",22,18,23,12,53,Reprobado
11000045,Jose,Vargas,Vargas,jose.vargas.11000045@test.com,M,"Domingo Savio",Beni,"Ingenieria de Sistemas",700,"Transferencia Bancaria",REC-TEST-11000045,FIS100,T001,11500013,Lucia,Vargas,Fisico,13,33,30,20,83,Aprobado
11000045,Jose,Vargas,Vargas,jose.vargas.11000045@test.com,M,"Domingo Savio",Beni,"Ingenieria de Sistemas",700,"Transferencia Bancaria",REC-TEST-11000045,INF100,T001,11500014,Marta,Sanchez,"Ingeniero Informatico",11,10,23,16,49,Reprobado
11000045,Jose,Vargas,Vargas,jose.vargas.11000045@test.com,M,"Domingo Savio",Beni,"Ingenieria de Sistemas",700,"Transferencia Bancaria",REC-TEST-11000045,LIN100,T001,11500015,Gabriela,Vargas,"Licenciado en Filologia",39,30,30,21,81,Aprobado
11000046,Pedro,Lopez,Fernandez,pedro.lopez.11000046@test.com,M,Marista,Pando,"Ingenieria en Redes",700,"Transferencia Bancaria",REC-TEST-11000046,MAT100,T001,11500012,Laura,Sanchez,"Licenciado en Matematicas",22,9,7,2,18,Reprobado
11000046,Pedro,Lopez,Fernandez,pedro.lopez.11000046@test.com,M,Marista,Pando,"Ingenieria en Redes",700,"Transferencia Bancaria",REC-TEST-11000046,FIS100,T001,11500013,Lucia,Vargas,Fisico,13,7,22,34,63,Aprobado
11000046,Pedro,Lopez,Fernandez,pedro.lopez.11000046@test.com,M,Marista,Pando,"Ingenieria en Redes",700,"Transferencia Bancaria",REC-TEST-11000046,INF100,T001,11500014,Marta,Sanchez,"Ingeniero Informatico",11,14,12,0,26,Reprobado
11000046,Pedro,Lopez,Fernandez,pedro.lopez.11000046@test.com,M,Marista,Pando,"Ingenieria en Redes",700,"Transferencia Bancaria",REC-TEST-11000046,LIN100,T001,11500015,Gabriela,Vargas,"Licenciado en Filologia",39,4,16,32,52,Reprobado
11000047,Sofia,Ramirez,Rojas,sofia.ramirez.11000047@test.com,F,Evangelico,Cochabamba,"Ingenieria de Sistemas",700,"Stripe (Tarjetas)",REC-TEST-11000047,MAT100,M002,11500004,Luis,Rojas,"Licenciado en Matematicas",12,12,2,16,30,Reprobado
11000047,Sofia,Ramirez,Rojas,sofia.ramirez.11000047@test.com,F,Evangelico,Cochabamba,"Ingenieria de Sistemas",700,"Stripe (Tarjetas)",REC-TEST-11000047,FIS100,M002,11500005,Diego,Lopez,Fisico,25,20,20,6,46,Reprobado
11000047,Sofia,Ramirez,Rojas,sofia.ramirez.11000047@test.com,F,Evangelico,Cochabamba,"Ingenieria de Sistemas",700,"Stripe (Tarjetas)",REC-TEST-11000047,INF100,M002,11500006,Pedro,Fernandez,"Ingeniero Informatico",22,7,20,25,52,Reprobado
11000047,Sofia,Ramirez,Rojas,sofia.ramirez.11000047@test.com,F,Evangelico,Cochabamba,"Ingenieria de Sistemas",700,"Stripe (Tarjetas)",REC-TEST-11000047,LIN100,M002,11500007,Miguel,Garcia,"Licenciado en Filologia",19,19,16,23,58,Reprobado
11000048,Carlos,Torres,Vargas,carlos.torres.11000048@test.com,M,"Don Bosco",Potosi,"Ingenieria de Sistemas",700,"Stripe (Tarjetas)",REC-TEST-11000048,MAT100,M001,11500000,Valeria,Perez,"Licenciado en Matematicas",22,2,21,7,30,Reprobado
11000048,Carlos,Torres,Vargas,carlos.torres.11000048@test.com,M,"Don Bosco",Potosi,"Ingenieria de Sistemas",700,"Stripe (Tarjetas)",REC-TEST-11000048,FIS100,M001,11500001,Elena,Rojas,Fisico,11,20,22,19,61,Aprobado
11000048,Carlos,Torres,Vargas,carlos.torres.11000048@test.com,M,"Don Bosco",Potosi,"Ingenieria de Sistemas",700,"Stripe (Tarjetas)",REC-TEST-11000048,INF100,M001,11500002,Valeria,Vargas,"Ingeniero Informatico",28,11,33,25,69,Aprobado
11000048,Carlos,Torres,Vargas,carlos.torres.11000048@test.com,M,"Don Bosco",Potosi,"Ingenieria de Sistemas",700,"Stripe (Tarjetas)",REC-TEST-11000048,LIN100,M001,11500003,Ricardo,Rojas,"Licenciado en Filologia",29,16,30,11,57,Reprobado
11000049,Jorge,Ramirez,Lopez,jorge.ramirez.11000049@test.com,M,"La Salle",Beni,"Ingenieria de Sistemas",700,PayPal,REC-TEST-11000049,MAT100,N001,11500016,Fernando,Rojas,"Licenciado en Matematicas",30,16,29,33,78,Aprobado
11000049,Jorge,Ramirez,Lopez,jorge.ramirez.11000049@test.com,M,"La Salle",Beni,"Ingenieria de Sistemas",700,PayPal,REC-TEST-11000049,FIS100,N001,11500017,Daniela,Fernandez,Fisico,28,21,10,19,50,Reprobado
11000049,Jorge,Ramirez,Lopez,jorge.ramirez.11000049@test.com,M,"La Salle",Beni,"Ingenieria de Sistemas",700,PayPal,REC-TEST-11000049,INF100,N001,11500018,Juan,Vargas,"Ingeniero Informatico",30,5,33,1,39,Reprobado
11000049,Jorge,Ramirez,Lopez,jorge.ramirez.11000049@test.com,M,"La Salle",Beni,"Ingenieria de Sistemas",700,PayPal,REC-TEST-11000049,LIN100,N001,11500019,Valeria,Rojas,"Licenciado en Filologia",12,6,29,14,49,Reprobado
11000050,Lucia,Sanchez,Rojas,lucia.sanchez.11000050@test.com,F,"Don Bosco",Cochabamba,"Ingenieria de Sistemas",700,"Transferencia Bancaria",REC-TEST-11000050,MAT100,M003,11500008,Carmen,Vargas,"Licenciado en Matematicas",40,15,4,31,50,Reprobado
11000050,Lucia,Sanchez,Rojas,lucia.sanchez.11000050@test.com,F,"Don Bosco",Cochabamba,"Ingenieria de Sistemas",700,"Transferencia Bancaria",REC-TEST-11000050,FIS100,M003,11500009,Elena,Rodriguez,Fisico,18,28,2,22,52,Reprobado
11000050,Lucia,Sanchez,Rojas,lucia.sanchez.11000050@test.com,F,"Don Bosco",Cochabamba,"Ingenieria de Sistemas",700,"Transferencia Bancaria",REC-TEST-11000050,INF100,M003,11500010,Laura,Vargas,"Ingeniero Informatico",40,28,16,7,51,Reprobado
11000050,Lucia,Sanchez,Rojas,lucia.sanchez.11000050@test.com,F,"Don Bosco",Cochabamba,"Ingenieria de Sistemas",700,"Transferencia Bancaria",REC-TEST-11000050,LIN100,M003,11500011,Pedro,Vargas,"Licenciado en Filologia",11,24,26,1,51,Reprobado
11000051,Pedro,Martinez,Garcia,pedro.martinez.11000051@test.com,M,"Nacional Florida","La Paz","Ingenieria de Sistemas",700,"Stripe (Tarjetas)",REC-TEST-11000051,MAT100,M003,11500008,Carmen,Vargas,"Licenciado en Matematicas",40,30,5,7,42,Reprobado
11000051,Pedro,Martinez,Garcia,pedro.martinez.11000051@test.com,M,"Nacional Florida","La Paz","Ingenieria de Sistemas",700,"Stripe (Tarjetas)",REC-TEST-11000051,FIS100,M003,11500009,Elena,Rodriguez,Fisico,18,10,11,34,55,Reprobado
11000051,Pedro,Martinez,Garcia,pedro.martinez.11000051@test.com,M,"Nacional Florida","La Paz","Ingenieria de Sistemas",700,"Stripe (Tarjetas)",REC-TEST-11000051,INF100,M003,11500010,Laura,Vargas,"Ingeniero Informatico",40,25,1,14,40,Reprobado
11000051,Pedro,Martinez,Garcia,pedro.martinez.11000051@test.com,M,"Nacional Florida","La Paz","Ingenieria de Sistemas",700,"Stripe (Tarjetas)",REC-TEST-11000051,LIN100,M003,11500011,Pedro,Vargas,"Licenciado en Filologia",11,29,2,7,38,Reprobado
11000052,Laura,Ramirez,Lopez,laura.ramirez.11000052@test.com,F,"Don Bosco",Cochabamba,"Ingenieria en Redes",700,"Stripe (Tarjetas)",REC-TEST-11000052,MAT100,M003,11500008,Carmen,Vargas,"Licenciado en Matematicas",40,22,13,32,67,Aprobado
11000052,Laura,Ramirez,Lopez,laura.ramirez.11000052@test.com,F,"Don Bosco",Cochabamba,"Ingenieria en Redes",700,"Stripe (Tarjetas)",REC-TEST-11000052,FIS100,M003,11500009,Elena,Rodriguez,Fisico,18,21,10,5,36,Reprobado
11000052,Laura,Ramirez,Lopez,laura.ramirez.11000052@test.com,F,"Don Bosco",Cochabamba,"Ingenieria en Redes",700,"Stripe (Tarjetas)",REC-TEST-11000052,INF100,M003,11500010,Laura,Vargas,"Ingeniero Informatico",40,17,14,16,47,Reprobado
11000052,Laura,Ramirez,Lopez,laura.ramirez.11000052@test.com,F,"Don Bosco",Cochabamba,"Ingenieria en Redes",700,"Stripe (Tarjetas)",REC-TEST-11000052,LIN100,M003,11500011,Pedro,Vargas,"Licenciado en Filologia",11,1,22,14,37,Reprobado
11000053,Fernando,Sanchez,Vargas,fernando.sanchez.11000053@test.com,M,Marista,Pando,"Ingenieria Informatica",700,"Transferencia Bancaria",REC-TEST-11000053,MAT100,N001,11500016,Fernando,Rojas,"Licenciado en Matematicas",30,26,5,25,56,Reprobado
11000053,Fernando,Sanchez,Vargas,fernando.sanchez.11000053@test.com,M,Marista,Pando,"Ingenieria Informatica",700,"Transferencia Bancaria",REC-TEST-11000053,FIS100,N001,11500017,Daniela,Fernandez,Fisico,28,8,5,7,20,Reprobado
11000053,Fernando,Sanchez,Vargas,fernando.sanchez.11000053@test.com,M,Marista,Pando,"Ingenieria Informatica",700,"Transferencia Bancaria",REC-TEST-11000053,INF100,N001,11500018,Juan,Vargas,"Ingeniero Informatico",30,19,16,9,44,Reprobado
11000053,Fernando,Sanchez,Vargas,fernando.sanchez.11000053@test.com,M,Marista,Pando,"Ingenieria Informatica",700,"Transferencia Bancaria",REC-TEST-11000053,LIN100,N001,11500019,Valeria,Rojas,"Licenciado en Filologia",12,25,11,4,40,Reprobado
11000054,Luis,Ramirez,Sanchez,luis.ramirez.11000054@test.com,M,Uboldi,Cochabamba,"Ingenieria de Sistemas",700,"Stripe (Tarjetas)",REC-TEST-11000054,MAT100,T001,11500012,Laura,Sanchez,"Licenciado en Matematicas",22,5,22,0,27,Reprobado
11000054,Luis,Ramirez,Sanchez,luis.ramirez.11000054@test.com,M,Uboldi,Cochabamba,"Ingenieria de Sistemas",700,"Stripe (Tarjetas)",REC-TEST-11000054,FIS100,T001,11500013,Lucia,Vargas,Fisico,13,8,4,23,35,Reprobado
11000054,Luis,Ramirez,Sanchez,luis.ramirez.11000054@test.com,M,Uboldi,Cochabamba,"Ingenieria de Sistemas",700,"Stripe (Tarjetas)",REC-TEST-11000054,INF100,T001,11500014,Marta,Sanchez,"Ingeniero Informatico",11,23,5,0,28,Reprobado
11000054,Luis,Ramirez,Sanchez,luis.ramirez.11000054@test.com,M,Uboldi,Cochabamba,"Ingenieria de Sistemas",700,"Stripe (Tarjetas)",REC-TEST-11000054,LIN100,T001,11500015,Gabriela,Vargas,"Licenciado en Filologia",39,24,24,14,62,Aprobado
11000055,Roberto,Rodriguez,Perez,roberto.rodriguez.11000055@test.com,M,"La Salle","Santa Cruz","Ingenieria en Redes",700,PayPal,REC-TEST-11000055,MAT100,T001,11500012,Laura,Sanchez,"Licenciado en Matematicas",22,16,24,27,67,Aprobado
11000055,Roberto,Rodriguez,Perez,roberto.rodriguez.11000055@test.com,M,"La Salle","Santa Cruz","Ingenieria en Redes",700,PayPal,REC-TEST-11000055,FIS100,T001,11500013,Lucia,Vargas,Fisico,13,32,1,28,61,Aprobado
11000055,Roberto,Rodriguez,Perez,roberto.rodriguez.11000055@test.com,M,"La Salle","Santa Cruz","Ingenieria en Redes",700,PayPal,REC-TEST-11000055,INF100,T001,11500014,Marta,Sanchez,"Ingeniero Informatico",11,17,27,34,78,Aprobado
11000055,Roberto,Rodriguez,Perez,roberto.rodriguez.11000055@test.com,M,"La Salle","Santa Cruz","Ingenieria en Redes",700,PayPal,REC-TEST-11000055,LIN100,T001,11500015,Gabriela,Vargas,"Licenciado en Filologia",39,6,21,28,55,Reprobado
11000056,Jose,Fernandez,Lopez,jose.fernandez.11000056@test.com,M,"Nacional Florida",Oruro,"Ingenieria Informatica",700,"Transferencia Bancaria",REC-TEST-11000056,MAT100,M002,11500004,Luis,Rojas,"Licenciado en Matematicas",12,0,10,17,27,Reprobado
11000056,Jose,Fernandez,Lopez,jose.fernandez.11000056@test.com,M,"Nacional Florida",Oruro,"Ingenieria Informatica",700,"Transferencia Bancaria",REC-TEST-11000056,FIS100,M002,11500005,Diego,Lopez,Fisico,25,29,7,10,46,Reprobado
11000056,Jose,Fernandez,Lopez,jose.fernandez.11000056@test.com,M,"Nacional Florida",Oruro,"Ingenieria Informatica",700,"Transferencia Bancaria",REC-TEST-11000056,INF100,M002,11500006,Pedro,Fernandez,"Ingeniero Informatico",22,22,25,1,48,Reprobado
11000056,Jose,Fernandez,Lopez,jose.fernandez.11000056@test.com,M,"Nacional Florida",Oruro,"Ingenieria Informatica",700,"Transferencia Bancaria",REC-TEST-11000056,LIN100,M002,11500007,Miguel,Garcia,"Licenciado en Filologia",19,25,21,3,49,Reprobado
11000057,Jose,Gomez,Gomez,jose.gomez.11000057@test.com,M,Marista,"Santa Cruz","Ingenieria Informatica",700,PayPal,REC-TEST-11000057,MAT100,M002,11500004,Luis,Rojas,"Licenciado en Matematicas",12,5,11,22,38,Reprobado
11000057,Jose,Gomez,Gomez,jose.gomez.11000057@test.com,M,Marista,"Santa Cruz","Ingenieria Informatica",700,PayPal,REC-TEST-11000057,FIS100,M002,11500005,Diego,Lopez,Fisico,25,20,28,16,64,Aprobado
11000057,Jose,Gomez,Gomez,jose.gomez.11000057@test.com,M,Marista,"Santa Cruz","Ingenieria Informatica",700,PayPal,REC-TEST-11000057,INF100,M002,11500006,Pedro,Fernandez,"Ingeniero Informatico",22,13,15,3,31,Reprobado
11000057,Jose,Gomez,Gomez,jose.gomez.11000057@test.com,M,Marista,"Santa Cruz","Ingenieria Informatica",700,PayPal,REC-TEST-11000057,LIN100,M002,11500007,Miguel,Garcia,"Licenciado en Filologia",19,10,18,18,46,Reprobado
11000058,Andres,Fernandez,Rodriguez,andres.fernandez.11000058@test.com,M,Uboldi,"Santa Cruz","Ingenieria Informatica",700,"Transferencia Bancaria",REC-TEST-11000058,MAT100,M003,11500008,Carmen,Vargas,"Licenciado en Matematicas",40,6,1,3,10,Reprobado
11000058,Andres,Fernandez,Rodriguez,andres.fernandez.11000058@test.com,M,Uboldi,"Santa Cruz","Ingenieria Informatica",700,"Transferencia Bancaria",REC-TEST-11000058,FIS100,M003,11500009,Elena,Rodriguez,Fisico,18,22,19,6,47,Reprobado
11000058,Andres,Fernandez,Rodriguez,andres.fernandez.11000058@test.com,M,Uboldi,"Santa Cruz","Ingenieria Informatica",700,"Transferencia Bancaria",REC-TEST-11000058,INF100,M003,11500010,Laura,Vargas,"Ingeniero Informatico",40,5,30,10,45,Reprobado
11000058,Andres,Fernandez,Rodriguez,andres.fernandez.11000058@test.com,M,Uboldi,"Santa Cruz","Ingenieria Informatica",700,"Transferencia Bancaria",REC-TEST-11000058,LIN100,M003,11500011,Pedro,Vargas,"Licenciado en Filologia",11,32,25,34,91,Aprobado
11000059,Miguel,Perez,Gomez,miguel.perez.11000059@test.com,M,Espana,Sucre,"Ingenieria en Redes",700,"Stripe (Tarjetas)",REC-TEST-11000059,MAT100,N001,11500016,Fernando,Rojas,"Licenciado en Matematicas",30,2,30,22,54,Reprobado
11000059,Miguel,Perez,Gomez,miguel.perez.11000059@test.com,M,Espana,Sucre,"Ingenieria en Redes",700,"Stripe (Tarjetas)",REC-TEST-11000059,FIS100,N001,11500017,Daniela,Fernandez,Fisico,28,14,19,22,55,Reprobado
11000059,Miguel,Perez,Gomez,miguel.perez.11000059@test.com,M,Espana,Sucre,"Ingenieria en Redes",700,"Stripe (Tarjetas)",REC-TEST-11000059,INF100,N001,11500018,Juan,Vargas,"Ingeniero Informatico",30,33,3,22,58,Reprobado
11000059,Miguel,Perez,Gomez,miguel.perez.11000059@test.com,M,Espana,Sucre,"Ingenieria en Redes",700,"Stripe (Tarjetas)",REC-TEST-11000059,LIN100,N001,11500019,Valeria,Rojas,"Licenciado en Filologia",12,29,12,22,63,Aprobado
11000060,Gabriela,Fernandez,Fernandez,gabriela.fernandez.11000060@test.com,F,Espana,"Santa Cruz","Ingenieria de Sistemas",700,"Transferencia Bancaria",REC-TEST-11000060,MAT100,M003,11500008,Carmen,Vargas,"Licenciado en Matematicas",40,24,19,7,50,Reprobado
11000060,Gabriela,Fernandez,Fernandez,gabriela.fernandez.11000060@test.com,F,Espana,"Santa Cruz","Ingenieria de Sistemas",700,"Transferencia Bancaria",REC-TEST-11000060,FIS100,M003,11500009,Elena,Rodriguez,Fisico,18,19,25,6,50,Reprobado
11000060,Gabriela,Fernandez,Fernandez,gabriela.fernandez.11000060@test.com,F,Espana,"Santa Cruz","Ingenieria de Sistemas",700,"Transferencia Bancaria",REC-TEST-11000060,INF100,M003,11500010,Laura,Vargas,"Ingeniero Informatico",40,29,28,17,74,Aprobado
11000060,Gabriela,Fernandez,Fernandez,gabriela.fernandez.11000060@test.com,F,Espana,"Santa Cruz","Ingenieria de Sistemas",700,"Transferencia Bancaria",REC-TEST-11000060,LIN100,M003,11500011,Pedro,Vargas,"Licenciado en Filologia",11,16,3,5,24,Reprobado
11000061,Carlos,Sanchez,Ramirez,carlos.sanchez.11000061@test.com,M,"Domingo Savio",Beni,"Ingenieria Informatica",700,"Transferencia Bancaria",REC-TEST-11000061,MAT100,M003,11500008,Carmen,Vargas,"Licenciado en Matematicas",40,11,10,25,46,Reprobado
11000061,Carlos,Sanchez,Ramirez,carlos.sanchez.11000061@test.com,M,"Domingo Savio",Beni,"Ingenieria Informatica",700,"Transferencia Bancaria",REC-TEST-11000061,FIS100,M003,11500009,Elena,Rodriguez,Fisico,18,1,9,27,37,Reprobado
11000061,Carlos,Sanchez,Ramirez,carlos.sanchez.11000061@test.com,M,"Domingo Savio",Beni,"Ingenieria Informatica",700,"Transferencia Bancaria",REC-TEST-11000061,INF100,M003,11500010,Laura,Vargas,"Ingeniero Informatico",40,22,27,33,82,Aprobado
11000061,Carlos,Sanchez,Ramirez,carlos.sanchez.11000061@test.com,M,"Domingo Savio",Beni,"Ingenieria Informatica",700,"Transferencia Bancaria",REC-TEST-11000061,LIN100,M003,11500011,Pedro,Vargas,"Licenciado en Filologia",11,17,17,15,49,Reprobado
11000062,Gabriela,Gomez,Ramirez,gabriela.gomez.11000062@test.com,F,Evangelico,Tarija,"Ingenieria Informatica",700,"Transferencia Bancaria",REC-TEST-11000062,MAT100,M003,11500008,Carmen,Vargas,"Licenciado en Matematicas",40,12,11,24,47,Reprobado
11000062,Gabriela,Gomez,Ramirez,gabriela.gomez.11000062@test.com,F,Evangelico,Tarija,"Ingenieria Informatica",700,"Transferencia Bancaria",REC-TEST-11000062,FIS100,M003,11500009,Elena,Rodriguez,Fisico,18,13,3,15,31,Reprobado
11000062,Gabriela,Gomez,Ramirez,gabriela.gomez.11000062@test.com,F,Evangelico,Tarija,"Ingenieria Informatica",700,"Transferencia Bancaria",REC-TEST-11000062,INF100,M003,11500010,Laura,Vargas,"Ingeniero Informatico",40,2,33,27,62,Aprobado
11000062,Gabriela,Gomez,Ramirez,gabriela.gomez.11000062@test.com,F,Evangelico,Tarija,"Ingenieria Informatica",700,"Transferencia Bancaria",REC-TEST-11000062,LIN100,M003,11500011,Pedro,Vargas,"Licenciado en Filologia",11,33,26,17,76,Aprobado
11000063,Daniela,Lopez,Torres,daniela.lopez.11000063@test.com,F,Espana,Sucre,"Ingenieria Informatica",700,"Transferencia Bancaria",REC-TEST-11000063,MAT100,M002,11500004,Luis,Rojas,"Licenciado en Matematicas",12,14,33,2,49,Reprobado
11000063,Daniela,Lopez,Torres,daniela.lopez.11000063@test.com,F,Espana,Sucre,"Ingenieria Informatica",700,"Transferencia Bancaria",REC-TEST-11000063,FIS100,M002,11500005,Diego,Lopez,Fisico,25,4,12,29,45,Reprobado
11000063,Daniela,Lopez,Torres,daniela.lopez.11000063@test.com,F,Espana,Sucre,"Ingenieria Informatica",700,"Transferencia Bancaria",REC-TEST-11000063,INF100,M002,11500006,Pedro,Fernandez,"Ingeniero Informatico",22,0,28,1,29,Reprobado
11000063,Daniela,Lopez,Torres,daniela.lopez.11000063@test.com,F,Espana,Sucre,"Ingenieria Informatica",700,"Transferencia Bancaria",REC-TEST-11000063,LIN100,M002,11500007,Miguel,Garcia,"Licenciado en Filologia",19,28,6,15,49,Reprobado
11000064,Daniela,Rodriguez,Lopez,daniela.rodriguez.11000064@test.com,F,Marista,Pando,"Ingenieria de Sistemas",700,"Transferencia Bancaria",REC-TEST-11000064,MAT100,M003,11500008,Carmen,Vargas,"Licenciado en Matematicas",40,9,1,28,38,Reprobado
11000064,Daniela,Rodriguez,Lopez,daniela.rodriguez.11000064@test.com,F,Marista,Pando,"Ingenieria de Sistemas",700,"Transferencia Bancaria",REC-TEST-11000064,FIS100,M003,11500009,Elena,Rodriguez,Fisico,18,22,14,33,69,Aprobado
11000064,Daniela,Rodriguez,Lopez,daniela.rodriguez.11000064@test.com,F,Marista,Pando,"Ingenieria de Sistemas",700,"Transferencia Bancaria",REC-TEST-11000064,INF100,M003,11500010,Laura,Vargas,"Ingeniero Informatico",40,26,25,4,55,Reprobado
11000064,Daniela,Rodriguez,Lopez,daniela.rodriguez.11000064@test.com,F,Marista,Pando,"Ingenieria de Sistemas",700,"Transferencia Bancaria",REC-TEST-11000064,LIN100,M003,11500011,Pedro,Vargas,"Licenciado en Filologia",11,8,14,19,41,Reprobado
11000065,Ricardo,Fernandez,Torres,ricardo.fernandez.11000065@test.com,M,Espana,Oruro,"Ingenieria en Redes",700,PayPal,REC-TEST-11000065,MAT100,M001,11500000,Valeria,Perez,"Licenciado en Matematicas",22,28,22,19,69,Aprobado
11000065,Ricardo,Fernandez,Torres,ricardo.fernandez.11000065@test.com,M,Espana,Oruro,"Ingenieria en Redes",700,PayPal,REC-TEST-11000065,FIS100,M001,11500001,Elena,Rojas,Fisico,11,19,27,16,62,Aprobado
11000065,Ricardo,Fernandez,Torres,ricardo.fernandez.11000065@test.com,M,Espana,Oruro,"Ingenieria en Redes",700,PayPal,REC-TEST-11000065,INF100,M001,11500002,Valeria,Vargas,"Ingeniero Informatico",28,8,22,1,31,Reprobado
11000065,Ricardo,Fernandez,Torres,ricardo.fernandez.11000065@test.com,M,Espana,Oruro,"Ingenieria en Redes",700,PayPal,REC-TEST-11000065,LIN100,M001,11500003,Ricardo,Rojas,"Licenciado en Filologia",29,12,8,24,44,Reprobado
11000066,Diego,Fernandez,Rojas,diego.fernandez.11000066@test.com,M,Marista,Tarija,"Ingenieria de Sistemas",700,PayPal,REC-TEST-11000066,MAT100,T001,11500012,Laura,Sanchez,"Licenciado en Matematicas",22,11,14,22,47,Reprobado
11000066,Diego,Fernandez,Rojas,diego.fernandez.11000066@test.com,M,Marista,Tarija,"Ingenieria de Sistemas",700,PayPal,REC-TEST-11000066,FIS100,T001,11500013,Lucia,Vargas,Fisico,13,22,30,13,65,Aprobado
11000066,Diego,Fernandez,Rojas,diego.fernandez.11000066@test.com,M,Marista,Tarija,"Ingenieria de Sistemas",700,PayPal,REC-TEST-11000066,INF100,T001,11500014,Marta,Sanchez,"Ingeniero Informatico",11,16,25,26,67,Aprobado
11000066,Diego,Fernandez,Rojas,diego.fernandez.11000066@test.com,M,Marista,Tarija,"Ingenieria de Sistemas",700,PayPal,REC-TEST-11000066,LIN100,T001,11500015,Gabriela,Vargas,"Licenciado en Filologia",39,30,8,20,58,Reprobado
11000067,Pedro,Garcia,Lopez,pedro.garcia.11000067@test.com,M,"La Salle",Oruro,"Ingenieria Informatica",700,"Transferencia Bancaria",REC-TEST-11000067,MAT100,N001,11500016,Fernando,Rojas,"Licenciado en Matematicas",30,14,32,25,71,Aprobado
11000067,Pedro,Garcia,Lopez,pedro.garcia.11000067@test.com,M,"La Salle",Oruro,"Ingenieria Informatica",700,"Transferencia Bancaria",REC-TEST-11000067,FIS100,N001,11500017,Daniela,Fernandez,Fisico,28,14,6,22,42,Reprobado
11000067,Pedro,Garcia,Lopez,pedro.garcia.11000067@test.com,M,"La Salle",Oruro,"Ingenieria Informatica",700,"Transferencia Bancaria",REC-TEST-11000067,INF100,N001,11500018,Juan,Vargas,"Ingeniero Informatico",30,24,5,26,55,Reprobado
11000067,Pedro,Garcia,Lopez,pedro.garcia.11000067@test.com,M,"La Salle",Oruro,"Ingenieria Informatica",700,"Transferencia Bancaria",REC-TEST-11000067,LIN100,N001,11500019,Valeria,Rojas,"Licenciado en Filologia",12,27,13,3,43,Reprobado
11000068,Lucia,Vargas,Rodriguez,lucia.vargas.11000068@test.com,F,Uboldi,"La Paz","Ingenieria Informatica",700,PayPal,REC-TEST-11000068,MAT100,M003,11500008,Carmen,Vargas,"Licenciado en Matematicas",40,30,0,0,30,Reprobado
11000068,Lucia,Vargas,Rodriguez,lucia.vargas.11000068@test.com,F,Uboldi,"La Paz","Ingenieria Informatica",700,PayPal,REC-TEST-11000068,FIS100,M003,11500009,Elena,Rodriguez,Fisico,18,15,14,2,31,Reprobado
11000068,Lucia,Vargas,Rodriguez,lucia.vargas.11000068@test.com,F,Uboldi,"La Paz","Ingenieria Informatica",700,PayPal,REC-TEST-11000068,INF100,M003,11500010,Laura,Vargas,"Ingeniero Informatico",40,25,17,5,47,Reprobado
11000068,Lucia,Vargas,Rodriguez,lucia.vargas.11000068@test.com,F,Uboldi,"La Paz","Ingenieria Informatica",700,PayPal,REC-TEST-11000068,LIN100,M003,11500011,Pedro,Vargas,"Licenciado en Filologia",11,31,31,15,77,Aprobado
11000069,Jorge,Torres,Garcia,jorge.torres.11000069@test.com,M,"La Salle",Oruro,"Ingenieria en Redes",700,PayPal,REC-TEST-11000069,MAT100,N001,11500016,Fernando,Rojas,"Licenciado en Matematicas",30,31,10,8,49,Reprobado
11000069,Jorge,Torres,Garcia,jorge.torres.11000069@test.com,M,"La Salle",Oruro,"Ingenieria en Redes",700,PayPal,REC-TEST-11000069,FIS100,N001,11500017,Daniela,Fernandez,Fisico,28,8,2,6,16,Reprobado
11000069,Jorge,Torres,Garcia,jorge.torres.11000069@test.com,M,"La Salle",Oruro,"Ingenieria en Redes",700,PayPal,REC-TEST-11000069,INF100,N001,11500018,Juan,Vargas,"Ingeniero Informatico",30,8,11,32,51,Reprobado
11000069,Jorge,Torres,Garcia,jorge.torres.11000069@test.com,M,"La Salle",Oruro,"Ingenieria en Redes",700,PayPal,REC-TEST-11000069,LIN100,N001,11500019,Valeria,Rojas,"Licenciado en Filologia",12,13,16,25,54,Reprobado
11000070,Pedro,Perez,Fernandez,pedro.perez.11000070@test.com,M,Evangelico,Tarija,"Ingenieria Informatica",700,"Transferencia Bancaria",REC-TEST-11000070,MAT100,M003,11500008,Carmen,Vargas,"Licenciado en Matematicas",40,0,19,16,35,Reprobado
11000070,Pedro,Perez,Fernandez,pedro.perez.11000070@test.com,M,Evangelico,Tarija,"Ingenieria Informatica",700,"Transferencia Bancaria",REC-TEST-11000070,FIS100,M003,11500009,Elena,Rodriguez,Fisico,18,23,7,24,54,Reprobado
11000070,Pedro,Perez,Fernandez,pedro.perez.11000070@test.com,M,Evangelico,Tarija,"Ingenieria Informatica",700,"Transferencia Bancaria",REC-TEST-11000070,INF100,M003,11500010,Laura,Vargas,"Ingeniero Informatico",40,16,28,29,73,Aprobado
11000070,Pedro,Perez,Fernandez,pedro.perez.11000070@test.com,M,Evangelico,Tarija,"Ingenieria Informatica",700,"Transferencia Bancaria",REC-TEST-11000070,LIN100,M003,11500011,Pedro,Vargas,"Licenciado en Filologia",11,4,9,17,30,Reprobado
11000071,Paula,Fernandez,Lopez,paula.fernandez.11000071@test.com,F,Marista,"La Paz","Ingenieria de Sistemas",700,"Stripe (Tarjetas)",REC-TEST-11000071,MAT100,N001,11500016,Fernando,Rojas,"Licenciado en Matematicas",30,20,19,8,47,Reprobado
11000071,Paula,Fernandez,Lopez,paula.fernandez.11000071@test.com,F,Marista,"La Paz","Ingenieria de Sistemas",700,"Stripe (Tarjetas)",REC-TEST-11000071,FIS100,N001,11500017,Daniela,Fernandez,Fisico,28,15,19,11,45,Reprobado
11000071,Paula,Fernandez,Lopez,paula.fernandez.11000071@test.com,F,Marista,"La Paz","Ingenieria de Sistemas",700,"Stripe (Tarjetas)",REC-TEST-11000071,INF100,N001,11500018,Juan,Vargas,"Ingeniero Informatico",30,9,19,10,38,Reprobado
11000071,Paula,Fernandez,Lopez,paula.fernandez.11000071@test.com,F,Marista,"La Paz","Ingenieria de Sistemas",700,"Stripe (Tarjetas)",REC-TEST-11000071,LIN100,N001,11500019,Valeria,Rojas,"Licenciado en Filologia",12,8,15,15,38,Reprobado
11000072,Carlos,Rojas,Garcia,carlos.rojas.11000072@test.com,M,Evangelico,Sucre,"Ingenieria en Redes",700,PayPal,REC-TEST-11000072,MAT100,M003,11500008,Carmen,Vargas,"Licenciado en Matematicas",40,23,17,4,44,Reprobado
11000072,Carlos,Rojas,Garcia,carlos.rojas.11000072@test.com,M,Evangelico,Sucre,"Ingenieria en Redes",700,PayPal,REC-TEST-11000072,FIS100,M003,11500009,Elena,Rodriguez,Fisico,18,29,27,2,58,Reprobado
11000072,Carlos,Rojas,Garcia,carlos.rojas.11000072@test.com,M,Evangelico,Sucre,"Ingenieria en Redes",700,PayPal,REC-TEST-11000072,INF100,M003,11500010,Laura,Vargas,"Ingeniero Informatico",40,10,19,7,36,Reprobado
11000072,Carlos,Rojas,Garcia,carlos.rojas.11000072@test.com,M,Evangelico,Sucre,"Ingenieria en Redes",700,PayPal,REC-TEST-11000072,LIN100,M003,11500011,Pedro,Vargas,"Licenciado en Filologia",11,26,5,9,40,Reprobado
11000073,Laura,Fernandez,Vargas,laura.fernandez.11000073@test.com,F,Uboldi,Pando,"Ingenieria de Sistemas",700,"Stripe (Tarjetas)",REC-TEST-11000073,MAT100,T001,11500012,Laura,Sanchez,"Licenciado en Matematicas",22,3,2,31,36,Reprobado
11000073,Laura,Fernandez,Vargas,laura.fernandez.11000073@test.com,F,Uboldi,Pando,"Ingenieria de Sistemas",700,"Stripe (Tarjetas)",REC-TEST-11000073,FIS100,T001,11500013,Lucia,Vargas,Fisico,13,32,26,7,65,Aprobado
11000073,Laura,Fernandez,Vargas,laura.fernandez.11000073@test.com,F,Uboldi,Pando,"Ingenieria de Sistemas",700,"Stripe (Tarjetas)",REC-TEST-11000073,INF100,T001,11500014,Marta,Sanchez,"Ingeniero Informatico",11,1,32,22,55,Reprobado
11000073,Laura,Fernandez,Vargas,laura.fernandez.11000073@test.com,F,Uboldi,Pando,"Ingenieria de Sistemas",700,"Stripe (Tarjetas)",REC-TEST-11000073,LIN100,T001,11500015,Gabriela,Vargas,"Licenciado en Filologia",39,26,26,25,77,Aprobado
11000074,Valeria,Garcia,Rodriguez,valeria.garcia.11000074@test.com,F,"La Salle",Cochabamba,"Ingenieria en Redes",700,"Stripe (Tarjetas)",REC-TEST-11000074,MAT100,T001,11500012,Laura,Sanchez,"Licenciado en Matematicas",22,33,28,27,88,Aprobado
11000074,Valeria,Garcia,Rodriguez,valeria.garcia.11000074@test.com,F,"La Salle",Cochabamba,"Ingenieria en Redes",700,"Stripe (Tarjetas)",REC-TEST-11000074,FIS100,T001,11500013,Lucia,Vargas,Fisico,13,23,27,25,75,Aprobado
11000074,Valeria,Garcia,Rodriguez,valeria.garcia.11000074@test.com,F,"La Salle",Cochabamba,"Ingenieria en Redes",700,"Stripe (Tarjetas)",REC-TEST-11000074,INF100,T001,11500014,Marta,Sanchez,"Ingeniero Informatico",11,14,19,20,53,Reprobado
11000074,Valeria,Garcia,Rodriguez,valeria.garcia.11000074@test.com,F,"La Salle",Cochabamba,"Ingenieria en Redes",700,"Stripe (Tarjetas)",REC-TEST-11000074,LIN100,T001,11500015,Gabriela,Vargas,"Licenciado en Filologia",39,1,8,29,38,Reprobado
11000075,Diego,Perez,Sanchez,diego.perez.11000075@test.com,M,"La Salle",Pando,"Ingenieria Informatica",700,"Transferencia Bancaria",REC-TEST-11000075,MAT100,M001,11500000,Valeria,Perez,"Licenciado en Matematicas",22,21,33,4,58,Reprobado
11000075,Diego,Perez,Sanchez,diego.perez.11000075@test.com,M,"La Salle",Pando,"Ingenieria Informatica",700,"Transferencia Bancaria",REC-TEST-11000075,FIS100,M001,11500001,Elena,Rojas,Fisico,11,12,15,27,54,Reprobado
11000075,Diego,Perez,Sanchez,diego.perez.11000075@test.com,M,"La Salle",Pando,"Ingenieria Informatica",700,"Transferencia Bancaria",REC-TEST-11000075,INF100,M001,11500002,Valeria,Vargas,"Ingeniero Informatico",28,31,25,24,80,Aprobado
11000075,Diego,Perez,Sanchez,diego.perez.11000075@test.com,M,"La Salle",Pando,"Ingenieria Informatica",700,"Transferencia Bancaria",REC-TEST-11000075,LIN100,M001,11500003,Ricardo,Rojas,"Licenciado en Filologia",29,24,17,22,63,Aprobado
11000076,Gabriela,Martinez,Fernandez,gabriela.martinez.11000076@test.com,F,Uboldi,"La Paz","Ingenieria en Redes",700,PayPal,REC-TEST-11000076,MAT100,M003,11500008,Carmen,Vargas,"Licenciado en Matematicas",40,6,8,23,37,Reprobado
11000076,Gabriela,Martinez,Fernandez,gabriela.martinez.11000076@test.com,F,Uboldi,"La Paz","Ingenieria en Redes",700,PayPal,REC-TEST-11000076,FIS100,M003,11500009,Elena,Rodriguez,Fisico,18,23,11,5,39,Reprobado
11000076,Gabriela,Martinez,Fernandez,gabriela.martinez.11000076@test.com,F,Uboldi,"La Paz","Ingenieria en Redes",700,PayPal,REC-TEST-11000076,INF100,M003,11500010,Laura,Vargas,"Ingeniero Informatico",40,13,30,25,68,Aprobado
11000076,Gabriela,Martinez,Fernandez,gabriela.martinez.11000076@test.com,F,Uboldi,"La Paz","Ingenieria en Redes",700,PayPal,REC-TEST-11000076,LIN100,M003,11500011,Pedro,Vargas,"Licenciado en Filologia",11,0,14,5,19,Reprobado
11000077,Paula,Ramirez,Ramirez,paula.ramirez.11000077@test.com,F,Marista,Oruro,"Ingenieria Informatica",700,"Stripe (Tarjetas)",REC-TEST-11000077,MAT100,M003,11500008,Carmen,Vargas,"Licenciado en Matematicas",40,25,30,15,70,Aprobado
11000077,Paula,Ramirez,Ramirez,paula.ramirez.11000077@test.com,F,Marista,Oruro,"Ingenieria Informatica",700,"Stripe (Tarjetas)",REC-TEST-11000077,FIS100,M003,11500009,Elena,Rodriguez,Fisico,18,24,9,18,51,Reprobado
11000077,Paula,Ramirez,Ramirez,paula.ramirez.11000077@test.com,F,Marista,Oruro,"Ingenieria Informatica",700,"Stripe (Tarjetas)",REC-TEST-11000077,INF100,M003,11500010,Laura,Vargas,"Ingeniero Informatico",40,10,32,12,54,Reprobado
11000077,Paula,Ramirez,Ramirez,paula.ramirez.11000077@test.com,F,Marista,Oruro,"Ingenieria Informatica",700,"Stripe (Tarjetas)",REC-TEST-11000077,LIN100,M003,11500011,Pedro,Vargas,"Licenciado en Filologia",11,23,15,19,57,Reprobado
11000078,Maria,Perez,Ramirez,maria.perez.11000078@test.com,F,Espana,Pando,"Ingenieria de Sistemas",700,PayPal,REC-TEST-11000078,MAT100,N001,11500016,Fernando,Rojas,"Licenciado en Matematicas",30,7,23,11,41,Reprobado
11000078,Maria,Perez,Ramirez,maria.perez.11000078@test.com,F,Espana,Pando,"Ingenieria de Sistemas",700,PayPal,REC-TEST-11000078,FIS100,N001,11500017,Daniela,Fernandez,Fisico,28,10,31,13,54,Reprobado
11000078,Maria,Perez,Ramirez,maria.perez.11000078@test.com,F,Espana,Pando,"Ingenieria de Sistemas",700,PayPal,REC-TEST-11000078,INF100,N001,11500018,Juan,Vargas,"Ingeniero Informatico",30,12,8,20,40,Reprobado
11000078,Maria,Perez,Ramirez,maria.perez.11000078@test.com,F,Espana,Pando,"Ingenieria de Sistemas",700,PayPal,REC-TEST-11000078,LIN100,N001,11500019,Valeria,Rojas,"Licenciado en Filologia",12,1,25,26,52,Reprobado
11000079,Marta,Martinez,Rojas,marta.martinez.11000079@test.com,F,Uboldi,Sucre,"Ingenieria de Sistemas",700,"Stripe (Tarjetas)",REC-TEST-11000079,MAT100,T001,11500012,Laura,Sanchez,"Licenciado en Matematicas",22,23,15,8,46,Reprobado
11000079,Marta,Martinez,Rojas,marta.martinez.11000079@test.com,F,Uboldi,Sucre,"Ingenieria de Sistemas",700,"Stripe (Tarjetas)",REC-TEST-11000079,FIS100,T001,11500013,Lucia,Vargas,Fisico,13,30,3,25,58,Reprobado
11000079,Marta,Martinez,Rojas,marta.martinez.11000079@test.com,F,Uboldi,Sucre,"Ingenieria de Sistemas",700,"Stripe (Tarjetas)",REC-TEST-11000079,INF100,T001,11500014,Marta,Sanchez,"Ingeniero Informatico",11,24,1,6,31,Reprobado
11000079,Marta,Martinez,Rojas,marta.martinez.11000079@test.com,F,Uboldi,Sucre,"Ingenieria de Sistemas",700,"Stripe (Tarjetas)",REC-TEST-11000079,LIN100,T001,11500015,Gabriela,Vargas,"Licenciado en Filologia",39,24,18,34,76,Aprobado
11000080,Juan,Fernandez,Garcia,juan.fernandez.11000080@test.com,M,"Don Bosco","La Paz","Ingenieria Informatica",700,"Stripe (Tarjetas)",REC-TEST-11000080,MAT100,T001,11500012,Laura,Sanchez,"Licenciado en Matematicas",22,19,10,4,33,Reprobado
11000080,Juan,Fernandez,Garcia,juan.fernandez.11000080@test.com,M,"Don Bosco","La Paz","Ingenieria Informatica",700,"Stripe (Tarjetas)",REC-TEST-11000080,FIS100,T001,11500013,Lucia,Vargas,Fisico,13,1,32,13,46,Reprobado
11000080,Juan,Fernandez,Garcia,juan.fernandez.11000080@test.com,M,"Don Bosco","La Paz","Ingenieria Informatica",700,"Stripe (Tarjetas)",REC-TEST-11000080,INF100,T001,11500014,Marta,Sanchez,"Ingeniero Informatico",11,5,4,20,29,Reprobado
11000080,Juan,Fernandez,Garcia,juan.fernandez.11000080@test.com,M,"Don Bosco","La Paz","Ingenieria Informatica",700,"Stripe (Tarjetas)",REC-TEST-11000080,LIN100,T001,11500015,Gabriela,Vargas,"Licenciado en Filologia",39,12,8,11,31,Reprobado
11000081,Daniela,Martinez,Fernandez,daniela.martinez.11000081@test.com,F,Evangelico,Oruro,"Ingenieria en Redes",700,"Transferencia Bancaria",REC-TEST-11000081,MAT100,M002,11500004,Luis,Rojas,"Licenciado en Matematicas",12,29,22,32,83,Aprobado
11000081,Daniela,Martinez,Fernandez,daniela.martinez.11000081@test.com,F,Evangelico,Oruro,"Ingenieria en Redes",700,"Transferencia Bancaria",REC-TEST-11000081,FIS100,M002,11500005,Diego,Lopez,Fisico,25,13,5,9,27,Reprobado
11000081,Daniela,Martinez,Fernandez,daniela.martinez.11000081@test.com,F,Evangelico,Oruro,"Ingenieria en Redes",700,"Transferencia Bancaria",REC-TEST-11000081,INF100,M002,11500006,Pedro,Fernandez,"Ingeniero Informatico",22,28,22,34,84,Aprobado
11000081,Daniela,Martinez,Fernandez,daniela.martinez.11000081@test.com,F,Evangelico,Oruro,"Ingenieria en Redes",700,"Transferencia Bancaria",REC-TEST-11000081,LIN100,M002,11500007,Miguel,Garcia,"Licenciado en Filologia",19,24,27,21,72,Aprobado
11000082,Laura,Sanchez,Ramirez,laura.sanchez.11000082@test.com,F,"Domingo Savio",Sucre,"Ingenieria en Redes",700,"Transferencia Bancaria",REC-TEST-11000082,MAT100,N001,11500016,Fernando,Rojas,"Licenciado en Matematicas",30,23,31,21,75,Aprobado
11000082,Laura,Sanchez,Ramirez,laura.sanchez.11000082@test.com,F,"Domingo Savio",Sucre,"Ingenieria en Redes",700,"Transferencia Bancaria",REC-TEST-11000082,FIS100,N001,11500017,Daniela,Fernandez,Fisico,28,22,5,17,44,Reprobado
11000082,Laura,Sanchez,Ramirez,laura.sanchez.11000082@test.com,F,"Domingo Savio",Sucre,"Ingenieria en Redes",700,"Transferencia Bancaria",REC-TEST-11000082,INF100,N001,11500018,Juan,Vargas,"Ingeniero Informatico",30,26,25,22,73,Aprobado
11000082,Laura,Sanchez,Ramirez,laura.sanchez.11000082@test.com,F,"Domingo Savio",Sucre,"Ingenieria en Redes",700,"Transferencia Bancaria",REC-TEST-11000082,LIN100,N001,11500019,Valeria,Rojas,"Licenciado en Filologia",12,11,8,32,51,Reprobado
11000083,Andres,Gomez,Garcia,andres.gomez.11000083@test.com,M,"Nacional Florida",Tarija,"Ingenieria de Sistemas",700,"Transferencia Bancaria",REC-TEST-11000083,MAT100,N001,11500016,Fernando,Rojas,"Licenciado en Matematicas",30,15,14,1,30,Reprobado
11000083,Andres,Gomez,Garcia,andres.gomez.11000083@test.com,M,"Nacional Florida",Tarija,"Ingenieria de Sistemas",700,"Transferencia Bancaria",REC-TEST-11000083,FIS100,N001,11500017,Daniela,Fernandez,Fisico,28,16,27,15,58,Reprobado
11000083,Andres,Gomez,Garcia,andres.gomez.11000083@test.com,M,"Nacional Florida",Tarija,"Ingenieria de Sistemas",700,"Transferencia Bancaria",REC-TEST-11000083,INF100,N001,11500018,Juan,Vargas,"Ingeniero Informatico",30,15,3,24,42,Reprobado
11000083,Andres,Gomez,Garcia,andres.gomez.11000083@test.com,M,"Nacional Florida",Tarija,"Ingenieria de Sistemas",700,"Transferencia Bancaria",REC-TEST-11000083,LIN100,N001,11500019,Valeria,Rojas,"Licenciado en Filologia",12,13,11,26,50,Reprobado
11000084,Ana,Rojas,Sanchez,ana.rojas.11000084@test.com,F,"La Salle",Sucre,"Ingenieria de Sistemas",700,"Transferencia Bancaria",REC-TEST-11000084,MAT100,M001,11500000,Valeria,Perez,"Licenciado en Matematicas",22,2,19,16,37,Reprobado
11000084,Ana,Rojas,Sanchez,ana.rojas.11000084@test.com,F,"La Salle",Sucre,"Ingenieria de Sistemas",700,"Transferencia Bancaria",REC-TEST-11000084,FIS100,M001,11500001,Elena,Rojas,Fisico,11,18,12,17,47,Reprobado
11000084,Ana,Rojas,Sanchez,ana.rojas.11000084@test.com,F,"La Salle",Sucre,"Ingenieria de Sistemas",700,"Transferencia Bancaria",REC-TEST-11000084,INF100,M001,11500002,Valeria,Vargas,"Ingeniero Informatico",28,6,32,21,59,Reprobado
11000084,Ana,Rojas,Sanchez,ana.rojas.11000084@test.com,F,"La Salle",Sucre,"Ingenieria de Sistemas",700,"Transferencia Bancaria",REC-TEST-11000084,LIN100,M001,11500003,Ricardo,Rojas,"Licenciado en Filologia",29,5,4,11,20,Reprobado
11000085,Ricardo,Ramirez,Garcia,ricardo.ramirez.11000085@test.com,M,Marista,Sucre,"Ingenieria en Redes",700,"Transferencia Bancaria",REC-TEST-11000085,MAT100,M002,11500004,Luis,Rojas,"Licenciado en Matematicas",12,24,9,27,60,Aprobado
11000085,Ricardo,Ramirez,Garcia,ricardo.ramirez.11000085@test.com,M,Marista,Sucre,"Ingenieria en Redes",700,"Transferencia Bancaria",REC-TEST-11000085,FIS100,M002,11500005,Diego,Lopez,Fisico,25,20,29,10,59,Reprobado
11000085,Ricardo,Ramirez,Garcia,ricardo.ramirez.11000085@test.com,M,Marista,Sucre,"Ingenieria en Redes",700,"Transferencia Bancaria",REC-TEST-11000085,INF100,M002,11500006,Pedro,Fernandez,"Ingeniero Informatico",22,8,5,15,28,Reprobado
11000085,Ricardo,Ramirez,Garcia,ricardo.ramirez.11000085@test.com,M,Marista,Sucre,"Ingenieria en Redes",700,"Transferencia Bancaria",REC-TEST-11000085,LIN100,M002,11500007,Miguel,Garcia,"Licenciado en Filologia",19,21,20,9,50,Reprobado
11000086,Elena,Rodriguez,Rodriguez,elena.rodriguez.11000086@test.com,F,Marista,Oruro,"Ingenieria en Redes",700,"Stripe (Tarjetas)",REC-TEST-11000086,MAT100,M001,11500000,Valeria,Perez,"Licenciado en Matematicas",22,15,26,17,58,Reprobado
11000086,Elena,Rodriguez,Rodriguez,elena.rodriguez.11000086@test.com,F,Marista,Oruro,"Ingenieria en Redes",700,"Stripe (Tarjetas)",REC-TEST-11000086,FIS100,M001,11500001,Elena,Rojas,Fisico,11,9,7,34,50,Reprobado
11000086,Elena,Rodriguez,Rodriguez,elena.rodriguez.11000086@test.com,F,Marista,Oruro,"Ingenieria en Redes",700,"Stripe (Tarjetas)",REC-TEST-11000086,INF100,M001,11500002,Valeria,Vargas,"Ingeniero Informatico",28,23,29,0,52,Reprobado
11000086,Elena,Rodriguez,Rodriguez,elena.rodriguez.11000086@test.com,F,Marista,Oruro,"Ingenieria en Redes",700,"Stripe (Tarjetas)",REC-TEST-11000086,LIN100,M001,11500003,Ricardo,Rojas,"Licenciado en Filologia",29,10,17,28,55,Reprobado
11000087,Jorge,Vargas,Sanchez,jorge.vargas.11000087@test.com,M,"Don Bosco",Oruro,"Ingenieria de Sistemas",700,"Transferencia Bancaria",REC-TEST-11000087,MAT100,T001,11500012,Laura,Sanchez,"Licenciado en Matematicas",22,19,31,29,79,Aprobado
11000087,Jorge,Vargas,Sanchez,jorge.vargas.11000087@test.com,M,"Don Bosco",Oruro,"Ingenieria de Sistemas",700,"Transferencia Bancaria",REC-TEST-11000087,FIS100,T001,11500013,Lucia,Vargas,Fisico,13,13,6,8,27,Reprobado
11000087,Jorge,Vargas,Sanchez,jorge.vargas.11000087@test.com,M,"Don Bosco",Oruro,"Ingenieria de Sistemas",700,"Transferencia Bancaria",REC-TEST-11000087,INF100,T001,11500014,Marta,Sanchez,"Ingeniero Informatico",11,6,24,24,54,Reprobado
11000087,Jorge,Vargas,Sanchez,jorge.vargas.11000087@test.com,M,"Don Bosco",Oruro,"Ingenieria de Sistemas",700,"Transferencia Bancaria",REC-TEST-11000087,LIN100,T001,11500015,Gabriela,Vargas,"Licenciado en Filologia",39,14,20,15,49,Reprobado
11000088,Juan,Sanchez,Rojas,juan.sanchez.11000088@test.com,M,"Don Bosco",Potosi,"Ingenieria de Sistemas",700,"Transferencia Bancaria",REC-TEST-11000088,MAT100,M002,11500004,Luis,Rojas,"Licenciado en Matematicas",12,27,22,32,81,Aprobado
11000088,Juan,Sanchez,Rojas,juan.sanchez.11000088@test.com,M,"Don Bosco",Potosi,"Ingenieria de Sistemas",700,"Transferencia Bancaria",REC-TEST-11000088,FIS100,M002,11500005,Diego,Lopez,Fisico,25,23,26,32,81,Aprobado
11000088,Juan,Sanchez,Rojas,juan.sanchez.11000088@test.com,M,"Don Bosco",Potosi,"Ingenieria de Sistemas",700,"Transferencia Bancaria",REC-TEST-11000088,INF100,M002,11500006,Pedro,Fernandez,"Ingeniero Informatico",22,31,32,30,93,Aprobado
11000088,Juan,Sanchez,Rojas,juan.sanchez.11000088@test.com,M,"Don Bosco",Potosi,"Ingenieria de Sistemas",700,"Transferencia Bancaria",REC-TEST-11000088,LIN100,M002,11500007,Miguel,Garcia,"Licenciado en Filologia",19,14,22,19,55,Reprobado
11000089,Andres,Sanchez,Gomez,andres.sanchez.11000089@test.com,M,Marista,Pando,"Ingenieria Informatica",700,"Stripe (Tarjetas)",REC-TEST-11000089,MAT100,N001,11500016,Fernando,Rojas,"Licenciado en Matematicas",30,0,32,1,33,Reprobado
11000089,Andres,Sanchez,Gomez,andres.sanchez.11000089@test.com,M,Marista,Pando,"Ingenieria Informatica",700,"Stripe (Tarjetas)",REC-TEST-11000089,FIS100,N001,11500017,Daniela,Fernandez,Fisico,28,10,5,20,35,Reprobado
11000089,Andres,Sanchez,Gomez,andres.sanchez.11000089@test.com,M,Marista,Pando,"Ingenieria Informatica",700,"Stripe (Tarjetas)",REC-TEST-11000089,INF100,N001,11500018,Juan,Vargas,"Ingeniero Informatico",30,29,12,29,70,Aprobado
11000089,Andres,Sanchez,Gomez,andres.sanchez.11000089@test.com,M,Marista,Pando,"Ingenieria Informatica",700,"Stripe (Tarjetas)",REC-TEST-11000089,LIN100,N001,11500019,Valeria,Rojas,"Licenciado en Filologia",12,18,4,24,46,Reprobado
11000090,Ana,Sanchez,Torres,ana.sanchez.11000090@test.com,F,Uboldi,Tarija,"Ingenieria en Redes",700,PayPal,REC-TEST-11000090,MAT100,M001,11500000,Valeria,Perez,"Licenciado en Matematicas",22,16,27,25,68,Aprobado
11000090,Ana,Sanchez,Torres,ana.sanchez.11000090@test.com,F,Uboldi,Tarija,"Ingenieria en Redes",700,PayPal,REC-TEST-11000090,FIS100,M001,11500001,Elena,Rojas,Fisico,11,12,2,25,39,Reprobado
11000090,Ana,Sanchez,Torres,ana.sanchez.11000090@test.com,F,Uboldi,Tarija,"Ingenieria en Redes",700,PayPal,REC-TEST-11000090,INF100,M001,11500002,Valeria,Vargas,"Ingeniero Informatico",28,33,25,0,58,Reprobado
11000090,Ana,Sanchez,Torres,ana.sanchez.11000090@test.com,F,Uboldi,Tarija,"Ingenieria en Redes",700,PayPal,REC-TEST-11000090,LIN100,M001,11500003,Ricardo,Rojas,"Licenciado en Filologia",29,3,5,29,37,Reprobado
11000091,Lucia,Rojas,Perez,lucia.rojas.11000091@test.com,F,"Domingo Savio",Tarija,"Ingenieria de Sistemas",700,"Stripe (Tarjetas)",REC-TEST-11000091,MAT100,T001,11500012,Laura,Sanchez,"Licenciado en Matematicas",22,28,23,23,74,Aprobado
11000091,Lucia,Rojas,Perez,lucia.rojas.11000091@test.com,F,"Domingo Savio",Tarija,"Ingenieria de Sistemas",700,"Stripe (Tarjetas)",REC-TEST-11000091,FIS100,T001,11500013,Lucia,Vargas,Fisico,13,13,17,4,34,Reprobado
11000091,Lucia,Rojas,Perez,lucia.rojas.11000091@test.com,F,"Domingo Savio",Tarija,"Ingenieria de Sistemas",700,"Stripe (Tarjetas)",REC-TEST-11000091,INF100,T001,11500014,Marta,Sanchez,"Ingeniero Informatico",11,2,18,10,30,Reprobado
11000091,Lucia,Rojas,Perez,lucia.rojas.11000091@test.com,F,"Domingo Savio",Tarija,"Ingenieria de Sistemas",700,"Stripe (Tarjetas)",REC-TEST-11000091,LIN100,T001,11500015,Gabriela,Vargas,"Licenciado en Filologia",39,10,28,20,58,Reprobado
11000092,Lucia,Perez,Ramirez,lucia.perez.11000092@test.com,F,Espana,Potosi,"Ingenieria en Redes",700,"Transferencia Bancaria",REC-TEST-11000092,MAT100,M002,11500004,Luis,Rojas,"Licenciado en Matematicas",12,2,11,26,39,Reprobado
11000092,Lucia,Perez,Ramirez,lucia.perez.11000092@test.com,F,Espana,Potosi,"Ingenieria en Redes",700,"Transferencia Bancaria",REC-TEST-11000092,FIS100,M002,11500005,Diego,Lopez,Fisico,25,0,12,5,17,Reprobado
11000092,Lucia,Perez,Ramirez,lucia.perez.11000092@test.com,F,Espana,Potosi,"Ingenieria en Redes",700,"Transferencia Bancaria",REC-TEST-11000092,INF100,M002,11500006,Pedro,Fernandez,"Ingeniero Informatico",22,26,19,31,76,Aprobado
11000092,Lucia,Perez,Ramirez,lucia.perez.11000092@test.com,F,Espana,Potosi,"Ingenieria en Redes",700,"Transferencia Bancaria",REC-TEST-11000092,LIN100,M002,11500007,Miguel,Garcia,"Licenciado en Filologia",19,13,28,2,43,Reprobado
11000093,Gabriela,Torres,Sanchez,gabriela.torres.11000093@test.com,F,"Don Bosco",Sucre,"Ingenieria Informatica",700,PayPal,REC-TEST-11000093,MAT100,T001,11500012,Laura,Sanchez,"Licenciado en Matematicas",22,9,23,15,47,Reprobado
11000093,Gabriela,Torres,Sanchez,gabriela.torres.11000093@test.com,F,"Don Bosco",Sucre,"Ingenieria Informatica",700,PayPal,REC-TEST-11000093,FIS100,T001,11500013,Lucia,Vargas,Fisico,13,32,18,32,82,Aprobado
11000093,Gabriela,Torres,Sanchez,gabriela.torres.11000093@test.com,F,"Don Bosco",Sucre,"Ingenieria Informatica",700,PayPal,REC-TEST-11000093,INF100,T001,11500014,Marta,Sanchez,"Ingeniero Informatico",11,4,15,9,28,Reprobado
11000093,Gabriela,Torres,Sanchez,gabriela.torres.11000093@test.com,F,"Don Bosco",Sucre,"Ingenieria Informatica",700,PayPal,REC-TEST-11000093,LIN100,T001,11500015,Gabriela,Vargas,"Licenciado en Filologia",39,2,21,22,45,Reprobado
11000094,Maria,Lopez,Ramirez,maria.lopez.11000094@test.com,F,"Nacional Florida",Beni,"Ingenieria de Sistemas",700,"Transferencia Bancaria",REC-TEST-11000094,MAT100,M003,11500008,Carmen,Vargas,"Licenciado en Matematicas",40,32,30,32,94,Aprobado
11000094,Maria,Lopez,Ramirez,maria.lopez.11000094@test.com,F,"Nacional Florida",Beni,"Ingenieria de Sistemas",700,"Transferencia Bancaria",REC-TEST-11000094,FIS100,M003,11500009,Elena,Rodriguez,Fisico,18,7,9,24,40,Reprobado
11000094,Maria,Lopez,Ramirez,maria.lopez.11000094@test.com,F,"Nacional Florida",Beni,"Ingenieria de Sistemas",700,"Transferencia Bancaria",REC-TEST-11000094,INF100,M003,11500010,Laura,Vargas,"Ingeniero Informatico",40,24,12,16,52,Reprobado
11000094,Maria,Lopez,Ramirez,maria.lopez.11000094@test.com,F,"Nacional Florida",Beni,"Ingenieria de Sistemas",700,"Transferencia Bancaria",REC-TEST-11000094,LIN100,M003,11500011,Pedro,Vargas,"Licenciado en Filologia",11,18,18,22,58,Reprobado
11000095,Pedro,Lopez,Garcia,pedro.lopez.11000095@test.com,M,Evangelico,"La Paz","Ingenieria Informatica",700,"Stripe (Tarjetas)",REC-TEST-11000095,MAT100,T001,11500012,Laura,Sanchez,"Licenciado en Matematicas",22,19,3,25,47,Reprobado
11000095,Pedro,Lopez,Garcia,pedro.lopez.11000095@test.com,M,Evangelico,"La Paz","Ingenieria Informatica",700,"Stripe (Tarjetas)",REC-TEST-11000095,FIS100,T001,11500013,Lucia,Vargas,Fisico,13,28,20,8,56,Reprobado
11000095,Pedro,Lopez,Garcia,pedro.lopez.11000095@test.com,M,Evangelico,"La Paz","Ingenieria Informatica",700,"Stripe (Tarjetas)",REC-TEST-11000095,INF100,T001,11500014,Marta,Sanchez,"Ingeniero Informatico",11,33,9,13,55,Reprobado
11000095,Pedro,Lopez,Garcia,pedro.lopez.11000095@test.com,M,Evangelico,"La Paz","Ingenieria Informatica",700,"Stripe (Tarjetas)",REC-TEST-11000095,LIN100,T001,11500015,Gabriela,Vargas,"Licenciado en Filologia",39,8,27,13,48,Reprobado
11000096,Valeria,Rojas,Ramirez,valeria.rojas.11000096@test.com,F,Evangelico,Sucre,"Ingenieria en Redes",700,PayPal,REC-TEST-11000096,MAT100,M001,11500000,Valeria,Perez,"Licenciado en Matematicas",22,3,29,32,64,Aprobado
11000096,Valeria,Rojas,Ramirez,valeria.rojas.11000096@test.com,F,Evangelico,Sucre,"Ingenieria en Redes",700,PayPal,REC-TEST-11000096,FIS100,M001,11500001,Elena,Rojas,Fisico,11,24,5,8,37,Reprobado
11000096,Valeria,Rojas,Ramirez,valeria.rojas.11000096@test.com,F,Evangelico,Sucre,"Ingenieria en Redes",700,PayPal,REC-TEST-11000096,INF100,M001,11500002,Valeria,Vargas,"Ingeniero Informatico",28,22,33,2,57,Reprobado
11000096,Valeria,Rojas,Ramirez,valeria.rojas.11000096@test.com,F,Evangelico,Sucre,"Ingenieria en Redes",700,PayPal,REC-TEST-11000096,LIN100,M001,11500003,Ricardo,Rojas,"Licenciado en Filologia",29,17,6,26,49,Reprobado
11000097,Ana,Sanchez,Fernandez,ana.sanchez.11000097@test.com,F,"Domingo Savio",Potosi,"Ingenieria en Redes",700,"Stripe (Tarjetas)",REC-TEST-11000097,MAT100,M001,11500000,Valeria,Perez,"Licenciado en Matematicas",22,27,22,4,53,Reprobado
11000097,Ana,Sanchez,Fernandez,ana.sanchez.11000097@test.com,F,"Domingo Savio",Potosi,"Ingenieria en Redes",700,"Stripe (Tarjetas)",REC-TEST-11000097,FIS100,M001,11500001,Elena,Rojas,Fisico,11,27,29,5,61,Aprobado
11000097,Ana,Sanchez,Fernandez,ana.sanchez.11000097@test.com,F,"Domingo Savio",Potosi,"Ingenieria en Redes",700,"Stripe (Tarjetas)",REC-TEST-11000097,INF100,M001,11500002,Valeria,Vargas,"Ingeniero Informatico",28,33,2,26,61,Aprobado
11000097,Ana,Sanchez,Fernandez,ana.sanchez.11000097@test.com,F,"Domingo Savio",Potosi,"Ingenieria en Redes",700,"Stripe (Tarjetas)",REC-TEST-11000097,LIN100,M001,11500003,Ricardo,Rojas,"Licenciado en Filologia",29,31,24,30,85,Aprobado
11000098,Carlos,Gomez,Fernandez,carlos.gomez.11000098@test.com,M,"Domingo Savio",Pando,"Ingenieria en Redes",700,"Stripe (Tarjetas)",REC-TEST-11000098,MAT100,N001,11500016,Fernando,Rojas,"Licenciado en Matematicas",30,25,21,15,61,Aprobado
11000098,Carlos,Gomez,Fernandez,carlos.gomez.11000098@test.com,M,"Domingo Savio",Pando,"Ingenieria en Redes",700,"Stripe (Tarjetas)",REC-TEST-11000098,FIS100,N001,11500017,Daniela,Fernandez,Fisico,28,19,28,25,72,Aprobado
11000098,Carlos,Gomez,Fernandez,carlos.gomez.11000098@test.com,M,"Domingo Savio",Pando,"Ingenieria en Redes",700,"Stripe (Tarjetas)",REC-TEST-11000098,INF100,N001,11500018,Juan,Vargas,"Ingeniero Informatico",30,12,23,12,47,Reprobado
11000098,Carlos,Gomez,Fernandez,carlos.gomez.11000098@test.com,M,"Domingo Savio",Pando,"Ingenieria en Redes",700,"Stripe (Tarjetas)",REC-TEST-11000098,LIN100,N001,11500019,Valeria,Rojas,"Licenciado en Filologia",12,4,32,34,70,Aprobado
11000099,Jose,Rojas,Lopez,jose.rojas.11000099@test.com,M,"Nacional Florida","Santa Cruz","Ingenieria Informatica",700,"Transferencia Bancaria",REC-TEST-11000099,MAT100,N001,11500016,Fernando,Rojas,"Licenciado en Matematicas",30,8,11,4,23,Reprobado
11000099,Jose,Rojas,Lopez,jose.rojas.11000099@test.com,M,"Nacional Florida","Santa Cruz","Ingenieria Informatica",700,"Transferencia Bancaria",REC-TEST-11000099,FIS100,N001,11500017,Daniela,Fernandez,Fisico,28,24,9,11,44,Reprobado
11000099,Jose,Rojas,Lopez,jose.rojas.11000099@test.com,M,"Nacional Florida","Santa Cruz","Ingenieria Informatica",700,"Transferencia Bancaria",REC-TEST-11000099,INF100,N001,11500018,Juan,Vargas,"Ingeniero Informatico",30,1,18,2,21,Reprobado
11000099,Jose,Rojas,Lopez,jose.rojas.11000099@test.com,M,"Nacional Florida","Santa Cruz","Ingenieria Informatica",700,"Transferencia Bancaria",REC-TEST-11000099,LIN100,N001,11500019,Valeria,Rojas,"Licenciado en Filologia",12,15,27,6,48,Reprobado
11000100,Carmen,Rodriguez,Torres,carmen.rodriguez.11000100@test.com,F,"Domingo Savio",Potosi,"Ingenieria Informatica",700,"Stripe (Tarjetas)",REC-TEST-11000100,MAT100,T001,11500012,Laura,Sanchez,"Licenciado en Matematicas",22,1,3,11,15,Reprobado
11000100,Carmen,Rodriguez,Torres,carmen.rodriguez.11000100@test.com,F,"Domingo Savio",Potosi,"Ingenieria Informatica",700,"Stripe (Tarjetas)",REC-TEST-11000100,FIS100,T001,11500013,Lucia,Vargas,Fisico,13,0,15,18,33,Reprobado
11000100,Carmen,Rodriguez,Torres,carmen.rodriguez.11000100@test.com,F,"Domingo Savio",Potosi,"Ingenieria Informatica",700,"Stripe (Tarjetas)",REC-TEST-11000100,INF100,T001,11500014,Marta,Sanchez,"Ingeniero Informatico",11,10,25,4,39,Reprobado
11000100,Carmen,Rodriguez,Torres,carmen.rodriguez.11000100@test.com,F,"Domingo Savio",Potosi,"Ingenieria Informatica",700,"Stripe (Tarjetas)",REC-TEST-11000100,LIN100,T001,11500015,Gabriela,Vargas,"Licenciado en Filologia",39,24,23,9,56,Reprobado
11000101,Fernando,Rojas,Torres,fernando.rojas.11000101@test.com,M,"Nacional Florida",Potosi,"Ingenieria en Redes",700,"Stripe (Tarjetas)",REC-TEST-11000101,MAT100,M002,11500004,Luis,Rojas,"Licenciado en Matematicas",12,8,6,27,41,Reprobado
11000101,Fernando,Rojas,Torres,fernando.rojas.11000101@test.com,M,"Nacional Florida",Potosi,"Ingenieria en Redes",700,"Stripe (Tarjetas)",REC-TEST-11000101,FIS100,M002,11500005,Diego,Lopez,Fisico,25,27,7,22,56,Reprobado
11000101,Fernando,Rojas,Torres,fernando.rojas.11000101@test.com,M,"Nacional Florida",Potosi,"Ingenieria en Redes",700,"Stripe (Tarjetas)",REC-TEST-11000101,INF100,M002,11500006,Pedro,Fernandez,"Ingeniero Informatico",22,19,12,14,45,Reprobado
11000101,Fernando,Rojas,Torres,fernando.rojas.11000101@test.com,M,"Nacional Florida",Potosi,"Ingenieria en Redes",700,"Stripe (Tarjetas)",REC-TEST-11000101,LIN100,M002,11500007,Miguel,Garcia,"Licenciado en Filologia",19,3,27,7,37,Reprobado
11000102,Lucia,Vargas,Vargas,lucia.vargas.11000102@test.com,F,"La Salle",Tarija,"Ingenieria de Sistemas",700,"Transferencia Bancaria",REC-TEST-11000102,MAT100,M001,11500000,Valeria,Perez,"Licenciado en Matematicas",22,11,17,5,33,Reprobado
11000102,Lucia,Vargas,Vargas,lucia.vargas.11000102@test.com,F,"La Salle",Tarija,"Ingenieria de Sistemas",700,"Transferencia Bancaria",REC-TEST-11000102,FIS100,M001,11500001,Elena,Rojas,Fisico,11,1,17,30,48,Reprobado
11000102,Lucia,Vargas,Vargas,lucia.vargas.11000102@test.com,F,"La Salle",Tarija,"Ingenieria de Sistemas",700,"Transferencia Bancaria",REC-TEST-11000102,INF100,M001,11500002,Valeria,Vargas,"Ingeniero Informatico",28,10,8,9,27,Reprobado
11000102,Lucia,Vargas,Vargas,lucia.vargas.11000102@test.com,F,"La Salle",Tarija,"Ingenieria de Sistemas",700,"Transferencia Bancaria",REC-TEST-11000102,LIN100,M001,11500003,Ricardo,Rojas,"Licenciado en Filologia",29,28,22,27,77,Aprobado
11000103,Gabriela,Gomez,Fernandez,gabriela.gomez.11000103@test.com,F,"Don Bosco",Cochabamba,"Ingenieria Informatica",700,"Stripe (Tarjetas)",REC-TEST-11000103,MAT100,N001,11500016,Fernando,Rojas,"Licenciado en Matematicas",30,31,3,14,48,Reprobado
11000103,Gabriela,Gomez,Fernandez,gabriela.gomez.11000103@test.com,F,"Don Bosco",Cochabamba,"Ingenieria Informatica",700,"Stripe (Tarjetas)",REC-TEST-11000103,FIS100,N001,11500017,Daniela,Fernandez,Fisico,28,9,11,5,25,Reprobado
11000103,Gabriela,Gomez,Fernandez,gabriela.gomez.11000103@test.com,F,"Don Bosco",Cochabamba,"Ingenieria Informatica",700,"Stripe (Tarjetas)",REC-TEST-11000103,INF100,N001,11500018,Juan,Vargas,"Ingeniero Informatico",30,14,2,25,41,Reprobado
11000103,Gabriela,Gomez,Fernandez,gabriela.gomez.11000103@test.com,F,"Don Bosco",Cochabamba,"Ingenieria Informatica",700,"Stripe (Tarjetas)",REC-TEST-11000103,LIN100,N001,11500019,Valeria,Rojas,"Licenciado en Filologia",12,29,17,33,79,Aprobado
11000104,Maria,Ramirez,Perez,maria.ramirez.11000104@test.com,F,"Domingo Savio",Pando,"Ingenieria de Sistemas",700,PayPal,REC-TEST-11000104,MAT100,M001,11500000,Valeria,Perez,"Licenciado en Matematicas",22,3,16,13,32,Reprobado
11000104,Maria,Ramirez,Perez,maria.ramirez.11000104@test.com,F,"Domingo Savio",Pando,"Ingenieria de Sistemas",700,PayPal,REC-TEST-11000104,FIS100,M001,11500001,Elena,Rojas,Fisico,11,4,27,18,49,Reprobado
11000104,Maria,Ramirez,Perez,maria.ramirez.11000104@test.com,F,"Domingo Savio",Pando,"Ingenieria de Sistemas",700,PayPal,REC-TEST-11000104,INF100,M001,11500002,Valeria,Vargas,"Ingeniero Informatico",28,28,29,0,57,Reprobado
11000104,Maria,Ramirez,Perez,maria.ramirez.11000104@test.com,F,"Domingo Savio",Pando,"Ingenieria de Sistemas",700,PayPal,REC-TEST-11000104,LIN100,M001,11500003,Ricardo,Rojas,"Licenciado en Filologia",29,18,1,15,34,Reprobado
11000105,Elena,Lopez,Rojas,elena.lopez.11000105@test.com,F,Espana,"Santa Cruz","Ingenieria en Redes",700,PayPal,REC-TEST-11000105,MAT100,N001,11500016,Fernando,Rojas,"Licenciado en Matematicas",30,4,26,8,38,Reprobado
11000105,Elena,Lopez,Rojas,elena.lopez.11000105@test.com,F,Espana,"Santa Cruz","Ingenieria en Redes",700,PayPal,REC-TEST-11000105,FIS100,N001,11500017,Daniela,Fernandez,Fisico,28,16,20,10,46,Reprobado
11000105,Elena,Lopez,Rojas,elena.lopez.11000105@test.com,F,Espana,"Santa Cruz","Ingenieria en Redes",700,PayPal,REC-TEST-11000105,INF100,N001,11500018,Juan,Vargas,"Ingeniero Informatico",30,7,28,30,65,Aprobado
11000105,Elena,Lopez,Rojas,elena.lopez.11000105@test.com,F,Espana,"Santa Cruz","Ingenieria en Redes",700,PayPal,REC-TEST-11000105,LIN100,N001,11500019,Valeria,Rojas,"Licenciado en Filologia",12,21,7,28,56,Reprobado
11000106,Marta,Ramirez,Torres,marta.ramirez.11000106@test.com,F,"La Salle",Potosi,"Ingenieria de Sistemas",700,PayPal,REC-TEST-11000106,MAT100,M002,11500004,Luis,Rojas,"Licenciado en Matematicas",12,14,33,4,51,Reprobado
11000106,Marta,Ramirez,Torres,marta.ramirez.11000106@test.com,F,"La Salle",Potosi,"Ingenieria de Sistemas",700,PayPal,REC-TEST-11000106,FIS100,M002,11500005,Diego,Lopez,Fisico,25,31,1,6,38,Reprobado
11000106,Marta,Ramirez,Torres,marta.ramirez.11000106@test.com,F,"La Salle",Potosi,"Ingenieria de Sistemas",700,PayPal,REC-TEST-11000106,INF100,M002,11500006,Pedro,Fernandez,"Ingeniero Informatico",22,0,4,12,16,Reprobado
11000106,Marta,Ramirez,Torres,marta.ramirez.11000106@test.com,F,"La Salle",Potosi,"Ingenieria de Sistemas",700,PayPal,REC-TEST-11000106,LIN100,M002,11500007,Miguel,Garcia,"Licenciado en Filologia",19,31,15,19,65,Aprobado
11000107,Sofia,Lopez,Rojas,sofia.lopez.11000107@test.com,F,"La Salle","La Paz","Ingenieria en Redes",700,"Stripe (Tarjetas)",REC-TEST-11000107,MAT100,N001,11500016,Fernando,Rojas,"Licenciado en Matematicas",30,32,25,2,59,Reprobado
11000107,Sofia,Lopez,Rojas,sofia.lopez.11000107@test.com,F,"La Salle","La Paz","Ingenieria en Redes",700,"Stripe (Tarjetas)",REC-TEST-11000107,FIS100,N001,11500017,Daniela,Fernandez,Fisico,28,6,8,26,40,Reprobado
11000107,Sofia,Lopez,Rojas,sofia.lopez.11000107@test.com,F,"La Salle","La Paz","Ingenieria en Redes",700,"Stripe (Tarjetas)",REC-TEST-11000107,INF100,N001,11500018,Juan,Vargas,"Ingeniero Informatico",30,1,5,20,26,Reprobado
11000107,Sofia,Lopez,Rojas,sofia.lopez.11000107@test.com,F,"La Salle","La Paz","Ingenieria en Redes",700,"Stripe (Tarjetas)",REC-TEST-11000107,LIN100,N001,11500019,Valeria,Rojas,"Licenciado en Filologia",12,28,22,27,77,Aprobado
11000108,Carlos,Martinez,Gomez,carlos.martinez.11000108@test.com,M,Evangelico,Beni,"Ingenieria de Sistemas",700,"Transferencia Bancaria",REC-TEST-11000108,MAT100,M003,11500008,Carmen,Vargas,"Licenciado en Matematicas",40,8,20,9,37,Reprobado
11000108,Carlos,Martinez,Gomez,carlos.martinez.11000108@test.com,M,Evangelico,Beni,"Ingenieria de Sistemas",700,"Transferencia Bancaria",REC-TEST-11000108,FIS100,M003,11500009,Elena,Rodriguez,Fisico,18,20,13,14,47,Reprobado
11000108,Carlos,Martinez,Gomez,carlos.martinez.11000108@test.com,M,Evangelico,Beni,"Ingenieria de Sistemas",700,"Transferencia Bancaria",REC-TEST-11000108,INF100,M003,11500010,Laura,Vargas,"Ingeniero Informatico",40,2,16,24,42,Reprobado
11000108,Carlos,Martinez,Gomez,carlos.martinez.11000108@test.com,M,Evangelico,Beni,"Ingenieria de Sistemas",700,"Transferencia Bancaria",REC-TEST-11000108,LIN100,M003,11500011,Pedro,Vargas,"Licenciado en Filologia",11,14,16,19,49,Reprobado
11000109,Roberto,Torres,Martinez,roberto.torres.11000109@test.com,M,Evangelico,Beni,"Ingenieria de Sistemas",700,"Transferencia Bancaria",REC-TEST-11000109,MAT100,T001,11500012,Laura,Sanchez,"Licenciado en Matematicas",22,30,28,14,72,Aprobado
11000109,Roberto,Torres,Martinez,roberto.torres.11000109@test.com,M,Evangelico,Beni,"Ingenieria de Sistemas",700,"Transferencia Bancaria",REC-TEST-11000109,FIS100,T001,11500013,Lucia,Vargas,Fisico,13,17,20,25,62,Aprobado
11000109,Roberto,Torres,Martinez,roberto.torres.11000109@test.com,M,Evangelico,Beni,"Ingenieria de Sistemas",700,"Transferencia Bancaria",REC-TEST-11000109,INF100,T001,11500014,Marta,Sanchez,"Ingeniero Informatico",11,12,26,8,46,Reprobado
11000109,Roberto,Torres,Martinez,roberto.torres.11000109@test.com,M,Evangelico,Beni,"Ingenieria de Sistemas",700,"Transferencia Bancaria",REC-TEST-11000109,LIN100,T001,11500015,Gabriela,Vargas,"Licenciado en Filologia",39,1,32,3,36,Reprobado
11000110,Jose,Rojas,Perez,jose.rojas.11000110@test.com,M,"Don Bosco",Cochabamba,"Ingenieria Informatica",700,"Stripe (Tarjetas)",REC-TEST-11000110,MAT100,M003,11500008,Carmen,Vargas,"Licenciado en Matematicas",40,17,31,25,73,Aprobado
11000110,Jose,Rojas,Perez,jose.rojas.11000110@test.com,M,"Don Bosco",Cochabamba,"Ingenieria Informatica",700,"Stripe (Tarjetas)",REC-TEST-11000110,FIS100,M003,11500009,Elena,Rodriguez,Fisico,18,6,22,19,47,Reprobado
11000110,Jose,Rojas,Perez,jose.rojas.11000110@test.com,M,"Don Bosco",Cochabamba,"Ingenieria Informatica",700,"Stripe (Tarjetas)",REC-TEST-11000110,INF100,M003,11500010,Laura,Vargas,"Ingeniero Informatico",40,8,16,6,30,Reprobado
11000110,Jose,Rojas,Perez,jose.rojas.11000110@test.com,M,"Don Bosco",Cochabamba,"Ingenieria Informatica",700,"Stripe (Tarjetas)",REC-TEST-11000110,LIN100,M003,11500011,Pedro,Vargas,"Licenciado en Filologia",11,21,16,20,57,Reprobado
11000111,Ana,Martinez,Gomez,ana.martinez.11000111@test.com,F,"Domingo Savio",Sucre,"Ingenieria en Redes",700,PayPal,REC-TEST-11000111,MAT100,M002,11500004,Luis,Rojas,"Licenciado en Matematicas",12,5,11,8,24,Reprobado
11000111,Ana,Martinez,Gomez,ana.martinez.11000111@test.com,F,"Domingo Savio",Sucre,"Ingenieria en Redes",700,PayPal,REC-TEST-11000111,FIS100,M002,11500005,Diego,Lopez,Fisico,25,19,24,27,70,Aprobado
11000111,Ana,Martinez,Gomez,ana.martinez.11000111@test.com,F,"Domingo Savio",Sucre,"Ingenieria en Redes",700,PayPal,REC-TEST-11000111,INF100,M002,11500006,Pedro,Fernandez,"Ingeniero Informatico",22,24,1,23,48,Reprobado
11000111,Ana,Martinez,Gomez,ana.martinez.11000111@test.com,F,"Domingo Savio",Sucre,"Ingenieria en Redes",700,PayPal,REC-TEST-11000111,LIN100,M002,11500007,Miguel,Garcia,"Licenciado en Filologia",19,4,17,26,47,Reprobado
11000112,Elena,Rojas,Rodriguez,elena.rojas.11000112@test.com,F,Espana,Pando,"Ingenieria en Redes",700,PayPal,REC-TEST-11000112,MAT100,M003,11500008,Carmen,Vargas,"Licenciado en Matematicas",40,33,4,17,54,Reprobado
11000112,Elena,Rojas,Rodriguez,elena.rojas.11000112@test.com,F,Espana,Pando,"Ingenieria en Redes",700,PayPal,REC-TEST-11000112,FIS100,M003,11500009,Elena,Rodriguez,Fisico,18,26,12,7,45,Reprobado
11000112,Elena,Rojas,Rodriguez,elena.rojas.11000112@test.com,F,Espana,Pando,"Ingenieria en Redes",700,PayPal,REC-TEST-11000112,INF100,M003,11500010,Laura,Vargas,"Ingeniero Informatico",40,26,22,14,62,Aprobado
11000112,Elena,Rojas,Rodriguez,elena.rojas.11000112@test.com,F,Espana,Pando,"Ingenieria en Redes",700,PayPal,REC-TEST-11000112,LIN100,M003,11500011,Pedro,Vargas,"Licenciado en Filologia",11,32,21,19,72,Aprobado
11000113,Elena,Rodriguez,Martinez,elena.rodriguez.11000113@test.com,F,Evangelico,Beni,"Ingenieria en Redes",700,"Stripe (Tarjetas)",REC-TEST-11000113,MAT100,M001,11500000,Valeria,Perez,"Licenciado en Matematicas",22,2,21,28,51,Reprobado
11000113,Elena,Rodriguez,Martinez,elena.rodriguez.11000113@test.com,F,Evangelico,Beni,"Ingenieria en Redes",700,"Stripe (Tarjetas)",REC-TEST-11000113,FIS100,M001,11500001,Elena,Rojas,Fisico,11,0,10,17,27,Reprobado
11000113,Elena,Rodriguez,Martinez,elena.rodriguez.11000113@test.com,F,Evangelico,Beni,"Ingenieria en Redes",700,"Stripe (Tarjetas)",REC-TEST-11000113,INF100,M001,11500002,Valeria,Vargas,"Ingeniero Informatico",28,26,28,30,84,Aprobado
11000113,Elena,Rodriguez,Martinez,elena.rodriguez.11000113@test.com,F,Evangelico,Beni,"Ingenieria en Redes",700,"Stripe (Tarjetas)",REC-TEST-11000113,LIN100,M001,11500003,Ricardo,Rojas,"Licenciado en Filologia",29,32,4,9,45,Reprobado
11000114,Pedro,Gomez,Perez,pedro.gomez.11000114@test.com,M,Espana,Pando,"Ingenieria Informatica",700,"Transferencia Bancaria",REC-TEST-11000114,MAT100,M001,11500000,Valeria,Perez,"Licenciado en Matematicas",22,17,24,12,53,Reprobado
11000114,Pedro,Gomez,Perez,pedro.gomez.11000114@test.com,M,Espana,Pando,"Ingenieria Informatica",700,"Transferencia Bancaria",REC-TEST-11000114,FIS100,M001,11500001,Elena,Rojas,Fisico,11,1,20,22,43,Reprobado
11000114,Pedro,Gomez,Perez,pedro.gomez.11000114@test.com,M,Espana,Pando,"Ingenieria Informatica",700,"Transferencia Bancaria",REC-TEST-11000114,INF100,M001,11500002,Valeria,Vargas,"Ingeniero Informatico",28,5,0,16,21,Reprobado
11000114,Pedro,Gomez,Perez,pedro.gomez.11000114@test.com,M,Espana,Pando,"Ingenieria Informatica",700,"Transferencia Bancaria",REC-TEST-11000114,LIN100,M001,11500003,Ricardo,Rojas,"Licenciado en Filologia",29,3,22,9,34,Reprobado
11000115,Paula,Gomez,Lopez,paula.gomez.11000115@test.com,F,Evangelico,Potosi,"Ingenieria de Sistemas",700,"Stripe (Tarjetas)",REC-TEST-11000115,MAT100,N001,11500016,Fernando,Rojas,"Licenciado en Matematicas",30,22,2,25,49,Reprobado
11000115,Paula,Gomez,Lopez,paula.gomez.11000115@test.com,F,Evangelico,Potosi,"Ingenieria de Sistemas",700,"Stripe (Tarjetas)",REC-TEST-11000115,FIS100,N001,11500017,Daniela,Fernandez,Fisico,28,6,14,29,49,Reprobado
11000115,Paula,Gomez,Lopez,paula.gomez.11000115@test.com,F,Evangelico,Potosi,"Ingenieria de Sistemas",700,"Stripe (Tarjetas)",REC-TEST-11000115,INF100,N001,11500018,Juan,Vargas,"Ingeniero Informatico",30,17,4,9,30,Reprobado
11000115,Paula,Gomez,Lopez,paula.gomez.11000115@test.com,F,Evangelico,Potosi,"Ingenieria de Sistemas",700,"Stripe (Tarjetas)",REC-TEST-11000115,LIN100,N001,11500019,Valeria,Rojas,"Licenciado en Filologia",12,10,0,31,41,Reprobado
11000116,Jorge,Sanchez,Rodriguez,jorge.sanchez.11000116@test.com,M,"Domingo Savio",Sucre,"Ingenieria de Sistemas",700,PayPal,REC-TEST-11000116,MAT100,T001,11500012,Laura,Sanchez,"Licenciado en Matematicas",22,6,29,32,67,Aprobado
11000116,Jorge,Sanchez,Rodriguez,jorge.sanchez.11000116@test.com,M,"Domingo Savio",Sucre,"Ingenieria de Sistemas",700,PayPal,REC-TEST-11000116,FIS100,T001,11500013,Lucia,Vargas,Fisico,13,26,13,30,69,Aprobado
11000116,Jorge,Sanchez,Rodriguez,jorge.sanchez.11000116@test.com,M,"Domingo Savio",Sucre,"Ingenieria de Sistemas",700,PayPal,REC-TEST-11000116,INF100,T001,11500014,Marta,Sanchez,"Ingeniero Informatico",11,33,0,31,64,Aprobado
11000116,Jorge,Sanchez,Rodriguez,jorge.sanchez.11000116@test.com,M,"Domingo Savio",Sucre,"Ingenieria de Sistemas",700,PayPal,REC-TEST-11000116,LIN100,T001,11500015,Gabriela,Vargas,"Licenciado en Filologia",39,22,15,4,41,Reprobado
11000117,Andres,Sanchez,Torres,andres.sanchez.11000117@test.com,M,Marista,Sucre,"Ingenieria de Sistemas",700,"Transferencia Bancaria",REC-TEST-11000117,MAT100,N001,11500016,Fernando,Rojas,"Licenciado en Matematicas",30,0,1,27,28,Reprobado
11000117,Andres,Sanchez,Torres,andres.sanchez.11000117@test.com,M,Marista,Sucre,"Ingenieria de Sistemas",700,"Transferencia Bancaria",REC-TEST-11000117,FIS100,N001,11500017,Daniela,Fernandez,Fisico,28,3,23,25,51,Reprobado
11000117,Andres,Sanchez,Torres,andres.sanchez.11000117@test.com,M,Marista,Sucre,"Ingenieria de Sistemas",700,"Transferencia Bancaria",REC-TEST-11000117,INF100,N001,11500018,Juan,Vargas,"Ingeniero Informatico",30,8,10,5,23,Reprobado
11000117,Andres,Sanchez,Torres,andres.sanchez.11000117@test.com,M,Marista,Sucre,"Ingenieria de Sistemas",700,"Transferencia Bancaria",REC-TEST-11000117,LIN100,N001,11500019,Valeria,Rojas,"Licenciado en Filologia",12,8,33,18,59,Reprobado
11000118,Maria,Vargas,Vargas,maria.vargas.11000118@test.com,F,Marista,Pando,"Ingenieria Informatica",700,PayPal,REC-TEST-11000118,MAT100,M003,11500008,Carmen,Vargas,"Licenciado en Matematicas",40,26,2,12,40,Reprobado
11000118,Maria,Vargas,Vargas,maria.vargas.11000118@test.com,F,Marista,Pando,"Ingenieria Informatica",700,PayPal,REC-TEST-11000118,FIS100,M003,11500009,Elena,Rodriguez,Fisico,18,15,14,30,59,Reprobado
11000118,Maria,Vargas,Vargas,maria.vargas.11000118@test.com,F,Marista,Pando,"Ingenieria Informatica",700,PayPal,REC-TEST-11000118,INF100,M003,11500010,Laura,Vargas,"Ingeniero Informatico",40,29,4,20,53,Reprobado
11000118,Maria,Vargas,Vargas,maria.vargas.11000118@test.com,F,Marista,Pando,"Ingenieria Informatica",700,PayPal,REC-TEST-11000118,LIN100,M003,11500011,Pedro,Vargas,"Licenciado en Filologia",11,21,30,11,62,Aprobado
11000119,Carmen,Rodriguez,Martinez,carmen.rodriguez.11000119@test.com,F,Uboldi,Pando,"Ingenieria en Redes",700,"Stripe (Tarjetas)",REC-TEST-11000119,MAT100,M001,11500000,Valeria,Perez,"Licenciado en Matematicas",22,16,21,20,57,Reprobado
11000119,Carmen,Rodriguez,Martinez,carmen.rodriguez.11000119@test.com,F,Uboldi,Pando,"Ingenieria en Redes",700,"Stripe (Tarjetas)",REC-TEST-11000119,FIS100,M001,11500001,Elena,Rojas,Fisico,11,30,23,14,67,Aprobado
11000119,Carmen,Rodriguez,Martinez,carmen.rodriguez.11000119@test.com,F,Uboldi,Pando,"Ingenieria en Redes",700,"Stripe (Tarjetas)",REC-TEST-11000119,INF100,M001,11500002,Valeria,Vargas,"Ingeniero Informatico",28,18,29,7,54,Reprobado
11000119,Carmen,Rodriguez,Martinez,carmen.rodriguez.11000119@test.com,F,Uboldi,Pando,"Ingenieria en Redes",700,"Stripe (Tarjetas)",REC-TEST-11000119,LIN100,M001,11500003,Ricardo,Rojas,"Licenciado en Filologia",29,19,16,32,67,Aprobado
11000120,Laura,Ramirez,Fernandez,laura.ramirez.11000120@test.com,F,Marista,Cochabamba,"Ingenieria de Sistemas",700,PayPal,REC-TEST-11000120,MAT100,M003,11500008,Carmen,Vargas,"Licenciado en Matematicas",40,22,8,24,54,Reprobado
11000120,Laura,Ramirez,Fernandez,laura.ramirez.11000120@test.com,F,Marista,Cochabamba,"Ingenieria de Sistemas",700,PayPal,REC-TEST-11000120,FIS100,M003,11500009,Elena,Rodriguez,Fisico,18,16,0,10,26,Reprobado
11000120,Laura,Ramirez,Fernandez,laura.ramirez.11000120@test.com,F,Marista,Cochabamba,"Ingenieria de Sistemas",700,PayPal,REC-TEST-11000120,INF100,M003,11500010,Laura,Vargas,"Ingeniero Informatico",40,15,17,12,44,Reprobado
11000120,Laura,Ramirez,Fernandez,laura.ramirez.11000120@test.com,F,Marista,Cochabamba,"Ingenieria de Sistemas",700,PayPal,REC-TEST-11000120,LIN100,M003,11500011,Pedro,Vargas,"Licenciado en Filologia",11,15,27,25,67,Aprobado
11000121,Carmen,Ramirez,Lopez,carmen.ramirez.11000121@test.com,F,Evangelico,"La Paz","Ingenieria en Redes",700,PayPal,REC-TEST-11000121,MAT100,T001,11500012,Laura,Sanchez,"Licenciado en Matematicas",22,26,21,17,64,Aprobado
11000121,Carmen,Ramirez,Lopez,carmen.ramirez.11000121@test.com,F,Evangelico,"La Paz","Ingenieria en Redes",700,PayPal,REC-TEST-11000121,FIS100,T001,11500013,Lucia,Vargas,Fisico,13,20,29,34,83,Aprobado
11000121,Carmen,Ramirez,Lopez,carmen.ramirez.11000121@test.com,F,Evangelico,"La Paz","Ingenieria en Redes",700,PayPal,REC-TEST-11000121,INF100,T001,11500014,Marta,Sanchez,"Ingeniero Informatico",11,9,22,4,35,Reprobado
11000121,Carmen,Ramirez,Lopez,carmen.ramirez.11000121@test.com,F,Evangelico,"La Paz","Ingenieria en Redes",700,PayPal,REC-TEST-11000121,LIN100,T001,11500015,Gabriela,Vargas,"Licenciado en Filologia",39,10,0,3,13,Reprobado
11000122,Fernando,Torres,Vargas,fernando.torres.11000122@test.com,M,Espana,"Santa Cruz","Ingenieria Informatica",700,"Transferencia Bancaria",REC-TEST-11000122,MAT100,M002,11500004,Luis,Rojas,"Licenciado en Matematicas",12,12,31,20,63,Aprobado
11000122,Fernando,Torres,Vargas,fernando.torres.11000122@test.com,M,Espana,"Santa Cruz","Ingenieria Informatica",700,"Transferencia Bancaria",REC-TEST-11000122,FIS100,M002,11500005,Diego,Lopez,Fisico,25,20,29,26,75,Aprobado
11000122,Fernando,Torres,Vargas,fernando.torres.11000122@test.com,M,Espana,"Santa Cruz","Ingenieria Informatica",700,"Transferencia Bancaria",REC-TEST-11000122,INF100,M002,11500006,Pedro,Fernandez,"Ingeniero Informatico",22,0,23,11,34,Reprobado
11000122,Fernando,Torres,Vargas,fernando.torres.11000122@test.com,M,Espana,"Santa Cruz","Ingenieria Informatica",700,"Transferencia Bancaria",REC-TEST-11000122,LIN100,M002,11500007,Miguel,Garcia,"Licenciado en Filologia",19,10,12,3,25,Reprobado
11000123,Elena,Garcia,Gomez,elena.garcia.11000123@test.com,F,Evangelico,Potosi,"Ingenieria de Sistemas",700,"Transferencia Bancaria",REC-TEST-11000123,MAT100,M002,11500004,Luis,Rojas,"Licenciado en Matematicas",12,13,4,27,44,Reprobado
11000123,Elena,Garcia,Gomez,elena.garcia.11000123@test.com,F,Evangelico,Potosi,"Ingenieria de Sistemas",700,"Transferencia Bancaria",REC-TEST-11000123,FIS100,M002,11500005,Diego,Lopez,Fisico,25,2,25,0,27,Reprobado
11000123,Elena,Garcia,Gomez,elena.garcia.11000123@test.com,F,Evangelico,Potosi,"Ingenieria de Sistemas",700,"Transferencia Bancaria",REC-TEST-11000123,INF100,M002,11500006,Pedro,Fernandez,"Ingeniero Informatico",22,20,12,14,46,Reprobado
11000123,Elena,Garcia,Gomez,elena.garcia.11000123@test.com,F,Evangelico,Potosi,"Ingenieria de Sistemas",700,"Transferencia Bancaria",REC-TEST-11000123,LIN100,M002,11500007,Miguel,Garcia,"Licenciado en Filologia",19,33,12,30,75,Aprobado
11000124,Carlos,Martinez,Rojas,carlos.martinez.11000124@test.com,M,Espana,"La Paz","Ingenieria en Redes",700,PayPal,REC-TEST-11000124,MAT100,M001,11500000,Valeria,Perez,"Licenciado en Matematicas",22,23,31,11,65,Aprobado
11000124,Carlos,Martinez,Rojas,carlos.martinez.11000124@test.com,M,Espana,"La Paz","Ingenieria en Redes",700,PayPal,REC-TEST-11000124,FIS100,M001,11500001,Elena,Rojas,Fisico,11,8,22,4,34,Reprobado
11000124,Carlos,Martinez,Rojas,carlos.martinez.11000124@test.com,M,Espana,"La Paz","Ingenieria en Redes",700,PayPal,REC-TEST-11000124,INF100,M001,11500002,Valeria,Vargas,"Ingeniero Informatico",28,20,29,15,64,Aprobado
11000124,Carlos,Martinez,Rojas,carlos.martinez.11000124@test.com,M,Espana,"La Paz","Ingenieria en Redes",700,PayPal,REC-TEST-11000124,LIN100,M001,11500003,Ricardo,Rojas,"Licenciado en Filologia",29,26,6,13,45,Reprobado
11000125,Fernando,Vargas,Torres,fernando.vargas.11000125@test.com,M,Espana,Sucre,"Ingenieria Informatica",700,PayPal,REC-TEST-11000125,MAT100,M003,11500008,Carmen,Vargas,"Licenciado en Matematicas",40,13,31,34,78,Aprobado
11000125,Fernando,Vargas,Torres,fernando.vargas.11000125@test.com,M,Espana,Sucre,"Ingenieria Informatica",700,PayPal,REC-TEST-11000125,FIS100,M003,11500009,Elena,Rodriguez,Fisico,18,27,14,8,49,Reprobado
11000125,Fernando,Vargas,Torres,fernando.vargas.11000125@test.com,M,Espana,Sucre,"Ingenieria Informatica",700,PayPal,REC-TEST-11000125,INF100,M003,11500010,Laura,Vargas,"Ingeniero Informatico",40,6,19,7,32,Reprobado
11000125,Fernando,Vargas,Torres,fernando.vargas.11000125@test.com,M,Espana,Sucre,"Ingenieria Informatica",700,PayPal,REC-TEST-11000125,LIN100,M003,11500011,Pedro,Vargas,"Licenciado en Filologia",11,3,11,29,43,Reprobado
11000126,Sofia,Perez,Torres,sofia.perez.11000126@test.com,F,Marista,"Santa Cruz","Ingenieria en Redes",700,"Transferencia Bancaria",REC-TEST-11000126,MAT100,M001,11500000,Valeria,Perez,"Licenciado en Matematicas",22,31,9,1,41,Reprobado
11000126,Sofia,Perez,Torres,sofia.perez.11000126@test.com,F,Marista,"Santa Cruz","Ingenieria en Redes",700,"Transferencia Bancaria",REC-TEST-11000126,FIS100,M001,11500001,Elena,Rojas,Fisico,11,29,4,4,37,Reprobado
11000126,Sofia,Perez,Torres,sofia.perez.11000126@test.com,F,Marista,"Santa Cruz","Ingenieria en Redes",700,"Transferencia Bancaria",REC-TEST-11000126,INF100,M001,11500002,Valeria,Vargas,"Ingeniero Informatico",28,4,9,34,47,Reprobado
11000126,Sofia,Perez,Torres,sofia.perez.11000126@test.com,F,Marista,"Santa Cruz","Ingenieria en Redes",700,"Transferencia Bancaria",REC-TEST-11000126,LIN100,M001,11500003,Ricardo,Rojas,"Licenciado en Filologia",29,3,10,17,30,Reprobado
11000127,Carmen,Garcia,Fernandez,carmen.garcia.11000127@test.com,F,Espana,Sucre,"Ingenieria de Sistemas",700,PayPal,REC-TEST-11000127,MAT100,M003,11500008,Carmen,Vargas,"Licenciado en Matematicas",40,10,9,14,33,Reprobado
11000127,Carmen,Garcia,Fernandez,carmen.garcia.11000127@test.com,F,Espana,Sucre,"Ingenieria de Sistemas",700,PayPal,REC-TEST-11000127,FIS100,M003,11500009,Elena,Rodriguez,Fisico,18,24,10,9,43,Reprobado
11000127,Carmen,Garcia,Fernandez,carmen.garcia.11000127@test.com,F,Espana,Sucre,"Ingenieria de Sistemas",700,PayPal,REC-TEST-11000127,INF100,M003,11500010,Laura,Vargas,"Ingeniero Informatico",40,18,26,7,51,Reprobado
11000127,Carmen,Garcia,Fernandez,carmen.garcia.11000127@test.com,F,Espana,Sucre,"Ingenieria de Sistemas",700,PayPal,REC-TEST-11000127,LIN100,M003,11500011,Pedro,Vargas,"Licenciado en Filologia",11,1,29,16,46,Reprobado
11000128,Daniela,Martinez,Martinez,daniela.martinez.11000128@test.com,F,Uboldi,Pando,"Ingenieria Informatica",700,"Stripe (Tarjetas)",REC-TEST-11000128,MAT100,M001,11500000,Valeria,Perez,"Licenciado en Matematicas",22,20,11,10,41,Reprobado
11000128,Daniela,Martinez,Martinez,daniela.martinez.11000128@test.com,F,Uboldi,Pando,"Ingenieria Informatica",700,"Stripe (Tarjetas)",REC-TEST-11000128,FIS100,M001,11500001,Elena,Rojas,Fisico,11,16,23,2,41,Reprobado
11000128,Daniela,Martinez,Martinez,daniela.martinez.11000128@test.com,F,Uboldi,Pando,"Ingenieria Informatica",700,"Stripe (Tarjetas)",REC-TEST-11000128,INF100,M001,11500002,Valeria,Vargas,"Ingeniero Informatico",28,18,22,25,65,Aprobado
11000128,Daniela,Martinez,Martinez,daniela.martinez.11000128@test.com,F,Uboldi,Pando,"Ingenieria Informatica",700,"Stripe (Tarjetas)",REC-TEST-11000128,LIN100,M001,11500003,Ricardo,Rojas,"Licenciado en Filologia",29,22,11,29,62,Aprobado
11000129,Andres,Rodriguez,Garcia,andres.rodriguez.11000129@test.com,M,"La Salle",Cochabamba,"Ingenieria en Redes",700,"Stripe (Tarjetas)",REC-TEST-11000129,MAT100,N001,11500016,Fernando,Rojas,"Licenciado en Matematicas",30,14,28,20,62,Aprobado
11000129,Andres,Rodriguez,Garcia,andres.rodriguez.11000129@test.com,M,"La Salle",Cochabamba,"Ingenieria en Redes",700,"Stripe (Tarjetas)",REC-TEST-11000129,FIS100,N001,11500017,Daniela,Fernandez,Fisico,28,13,3,4,20,Reprobado
11000129,Andres,Rodriguez,Garcia,andres.rodriguez.11000129@test.com,M,"La Salle",Cochabamba,"Ingenieria en Redes",700,"Stripe (Tarjetas)",REC-TEST-11000129,INF100,N001,11500018,Juan,Vargas,"Ingeniero Informatico",30,5,26,20,51,Reprobado
11000129,Andres,Rodriguez,Garcia,andres.rodriguez.11000129@test.com,M,"La Salle",Cochabamba,"Ingenieria en Redes",700,"Stripe (Tarjetas)",REC-TEST-11000129,LIN100,N001,11500019,Valeria,Rojas,"Licenciado en Filologia",12,20,22,32,74,Aprobado
