CI,Nombres,"Apellido Paterno","Apellido Materno",Email,Sexo,Colegio,Ciudad,Carrera,"Monto Pago","Metodo Pago","Nro Recibo",Materia,Grupo,"CI Docente","Nombre Docente","Apellido Docente","Profesion Docente","Hora Semanal Docente","Nota P1","Nota P2","Nota P3","Promedio Final","Estado Materia"
10000000,Miguel,Perez,Martinez,miguel.perez.10000000@test.com,M,Marista,Pando,"Ingenieria de Sistemas",700,"Transferencia Bancaria",REC-TEST-10000000,MAT100,M003,10500008,Gabriela,Garcia,"Licenciado en Matematicas",30,28,11,21,60,Aprobado
10000000,Miguel,Perez,Martinez,miguel.perez.10000000@test.com,M,Marista,Pando,"Ingenieria de Sistemas",700,"Transferencia Bancaria",REC-TEST-10000000,FIS100,M003,10500009,Miguel,Perez,Fisico,35,21,13,15,49,Reprobado
10000000,Miguel,Perez,Martinez,miguel.perez.10000000@test.com,M,Marista,Pando,"Ingenieria de Sistemas",700,"Transferencia Bancaria",REC-TEST-10000000,INF100,M003,10500010,Valeria,Vargas,"Ingeniero Informatico",40,22,33,13,68,Aprobado
10000000,Miguel,Perez,Martinez,miguel.perez.10000000@test.com,M,Marista,Pando,"Ingenieria de Sistemas",700,"Transferencia Bancaria",REC-TEST-10000000,LIN100,M003,10500011,Paula,Sanchez,"Licenciado en Filologia",30,2,31,21,54,Reprobado
10000001,Fernando,Rodriguez,Fernandez,fernando.rodriguez.10000001@test.com,M,"Domingo Savio",Sucre,"Ingenieria Informatica",700,PayPal,REC-TEST-10000001,MAT100,T001,10500012,Andres,Gomez,"Licenciado en Matematicas",34,28,26,19,73,Aprobado
10000001,Fernando,Rodriguez,Fernandez,fernando.rodriguez.10000001@test.com,M,"Domingo Savio",Sucre,"Ingenieria Informatica",700,PayPal,REC-TEST-10000001,FIS100,T001,10500013,Sofia,Rojas,Fisico,40,7,21,24,52,Reprobado
10000001,Fernando,Rodriguez,Fernandez,fernando.rodriguez.10000001@test.com,M,"Domingo Savio",Sucre,"Ingenieria Informatica",700,PayPal,REC-TEST-10000001,INF100,T001,10500014,Marta,Fernandez,"Ingeniero Informatico",20,2,4,21,27,Reprobado
10000001,Fernando,Rodriguez,Fernandez,fernando.rodriguez.10000001@test.com,M,"Domingo Savio",Sucre,"Ingenieria Informatica",700,PayPal,REC-TEST-10000001,LIN100,T001,10500015,Jorge,Sanchez,"Licenciado en Filologia",28,26,13,25,64,Aprobado
10000002,Marta,Martinez,Ramirez,marta.martinez.10000002@test.com,F,"Nacional Florida",Tarija,"Ingenieria en Redes",700,PayPal,REC-TEST-10000002,MAT100,M001,10500000,Maria,Rodriguez,"Licenciado en Matematicas",37,2,3,13,18,Reprobado
10000002,Marta,Martinez,Ramirez,marta.martinez.10000002@test.com,F,"Nacional Florida",Tarija,"Ingenieria en Redes",700,PayPal,REC-TEST-10000002,FIS100,M001,10500001,Fernando,Garcia,Fisico,11,25,20,22,67,Aprobado
10000002,Marta,Martinez,Ramirez,marta.martinez.10000002@test.com,F,"Nacional Florida",Tarija,"Ingenieria en Redes",700,PayPal,REC-TEST-10000002,INF100,M001,10500002,Pedro,Lopez,"Ingeniero Informatico",15,3,19,1,23,Reprobado
10000002,Marta,Martinez,Ramirez,marta.martinez.10000002@test.com,F,"Nacional Florida",Tarija,"Ingenieria en Redes",700,PayPal,REC-TEST-10000002,LIN100,M001,10500003,Pedro,Sanchez,"Licenciado en Filologia",30,31,30,32,93,Aprobado
10000003,Luis,Garcia,Sanchez,luis.garcia.10000003@test.com,M,Marista,Potosi,"Ingenieria en Redes",700,"Transferencia Bancaria",REC-TEST-10000003,MAT100,T001,10500012,Andres,Gomez,"Licenciado en Matematicas",34,11,31,23,65,Aprobado
10000003,Luis,Garcia,Sanchez,luis.garcia.10000003@test.com,M,Marista,Potosi,"Ingenieria en Redes",700,"Transferencia Bancaria",REC-TEST-10000003,FIS100,T001,10500013,Sofia,Rojas,Fisico,40,3,31,1,35,Reprobado
10000003,Luis,Garcia,Sanchez,luis.garcia.10000003@test.com,M,Marista,Potosi,"Ingenieria en Redes",700,"Transferencia Bancaria",REC-TEST-10000003,INF100,T001,10500014,Marta,Fernandez,"Ingeniero Informatico",20,23,7,14,44,Reprobado
10000003,Luis,Garcia,Sanchez,luis.garcia.10000003@test.com,M,Marista,Potosi,"Ingenieria en Redes",700,"Transferencia Bancaria",REC-TEST-10000003,LIN100,T001,10500015,Jorge,Sanchez,"Licenciado en Filologia",28,18,31,29,78,Aprobado
10000004,Luis,Fernandez,Fernandez,luis.fernandez.10000004@test.com,M,"Nacional Florida","La Paz","Ingenieria de Sistemas",700,"Transferencia Bancaria",REC-TEST-10000004,MAT100,N001,10500016,Maria,Fernandez,"Licenciado en Matematicas",16,30,15,29,74,Aprobado
10000004,Luis,Fernandez,Fernandez,luis.fernandez.10000004@test.com,M,"Nacional Florida","La Paz","Ingenieria de Sistemas",700,"Transferencia Bancaria",REC-TEST-10000004,FIS100,N001,10500017,Carlos,Gomez,Fisico,27,24,20,28,72,Aprobado
10000004,Luis,Fernandez,Fernandez,luis.fernandez.10000004@test.com,M,"Nacional Florida","La Paz","Ingenieria de Sistemas",700,"Transferencia Bancaria",REC-TEST-10000004,INF100,N001,10500018,Paula,Rojas,"Ingeniero Informatico",20,7,32,16,55,Reprobado
10000004,Luis,Fernandez,Fernandez,luis.fernandez.10000004@test.com,M,"Nacional Florida","La Paz","Ingenieria de Sistemas",700,"Transferencia Bancaria",REC-TEST-10000004,LIN100,N001,10500019,Elena,Martinez,"Licenciado en Filologia",27,22,5,28,55,Reprobado
10000005,Miguel,Garcia,Garcia,miguel.garcia.10000005@test.com,M,Evangelico,Cochabamba,"Ingenieria de Sistemas",700,"Transferencia Bancaria",REC-TEST-10000005,MAT100,T001,10500012,Andres,Gomez,"Licenciado en Matematicas",34,10,22,23,55,Reprobado
10000005,Miguel,Garcia,Garcia,miguel.garcia.10000005@test.com,M,Evangelico,Cochabamba,"Ingenieria de Sistemas",700,"Transferencia Bancaria",REC-TEST-10000005,FIS100,T001,10500013,Sofia,Rojas,Fisico,40,3,7,9,19,Reprobado
10000005,Miguel,Garcia,Garcia,miguel.garcia.10000005@test.com,M,Evangelico,Cochabamba,"Ingenieria de Sistemas",700,"Transferencia Bancaria",REC-TEST-10000005,INF100,T001,10500014,Marta,Fernandez,"Ingeniero Informatico",20,17,2,11,30,Reprobado
10000005,Miguel,Garcia,Garcia,miguel.garcia.10000005@test.com,M,Evangelico,Cochabamba,"Ingenieria de Sistemas",700,"Transferencia Bancaria",REC-TEST-10000005,LIN100,T001,10500015,Jorge,Sanchez,"Licenciado en Filologia",28,9,29,18,56,Reprobado
10000006,Ricardo,Perez,Martinez,ricardo.perez.10000006@test.com,M,"Nacional Florida",Cochabamba,"Ingenieria de Sistemas",700,"Stripe (Tarjetas)",REC-TEST-10000006,MAT100,M001,10500000,Maria,Rodriguez,"Licenciado en Matematicas",37,32,1,11,44,Reprobado
10000006,Ricardo,Perez,Martinez,ricardo.perez.10000006@test.com,M,"Nacional Florida",Cochabamba,"Ingenieria de Sistemas",700,"Stripe (Tarjetas)",REC-TEST-10000006,FIS100,M001,10500001,Fernando,Garcia,Fisico,11,4,31,19,54,Reprobado
10000006,Ricardo,Perez,Martinez,ricardo.perez.10000006@test.com,M,"Nacional Florida",Cochabamba,"Ingenieria de Sistemas",700,"Stripe (Tarjetas)",REC-TEST-10000006,INF100,M001,10500002,Pedro,Lopez,"Ingeniero Informatico",15,3,22,8,33,Reprobado
10000006,Ricardo,Perez,Martinez,ricardo.perez.10000006@test.com,M,"Nacional Florida",Cochabamba,"Ingenieria de Sistemas",700,"Stripe (Tarjetas)",REC-TEST-10000006,LIN100,M001,10500003,Pedro,Sanchez,"Licenciado en Filologia",30,5,9,16,30,Reprobado
10000007,Luis,Garcia,Gomez,luis.garcia.10000007@test.com,M,Uboldi,Potosi,"Ingenieria de Sistemas",700,"Transferencia Bancaria",REC-TEST-10000007,MAT100,M003,10500008,Gabriela,Garcia,"Licenciado en Matematicas",30,5,9,3,17,Reprobado
10000007,Luis,Garcia,Gomez,luis.garcia.10000007@test.com,M,Uboldi,Potosi,"Ingenieria de Sistemas",700,"Transferencia Bancaria",REC-TEST-10000007,FIS100,M003,10500009,Miguel,Perez,Fisico,35,21,32,12,65,Aprobado
10000007,Luis,Garcia,Gomez,luis.garcia.10000007@test.com,M,Uboldi,Potosi,"Ingenieria de Sistemas",700,"Transferencia Bancaria",REC-TEST-10000007,INF100,M003,10500010,Valeria,Vargas,"Ingeniero Informatico",40,5,23,0,28,Reprobado
10000007,Luis,Garcia,Gomez,luis.garcia.10000007@test.com,M,Uboldi,Potosi,"Ingenieria de Sistemas",700,"Transferencia Bancaria",REC-TEST-10000007,LIN100,M003,10500011,Paula,Sanchez,"Licenciado en Filologia",30,3,23,19,45,Reprobado
10000008,Ana,Sanchez,Gomez,ana.sanchez.10000008@test.com,F,"Don Bosco","La Paz","Ingenieria Informatica",700,"Stripe (Tarjetas)",REC-TEST-10000008,MAT100,M001,10500000,Maria,Rodriguez,"Licenciado en Matematicas",37,33,14,8,55,Reprobado
10000008,Ana,Sanchez,Gomez,ana.sanchez.10000008@test.com,F,"Don Bosco","La Paz","Ingenieria Informatica",700,"Stripe (Tarjetas)",REC-TEST-10000008,FIS100,M001,10500001,Fernando,Garcia,Fisico,11,7,18,22,47,Reprobado
10000008,Ana,Sanchez,Gomez,ana.sanchez.10000008@test.com,F,"Don Bosco","La Paz","Ingenieria Informatica",700,"Stripe (Tarjetas)",REC-TEST-10000008,INF100,M001,10500002,Pedro,Lopez,"Ingeniero Informatico",15,3,10,27,40,Reprobado
10000008,Ana,Sanchez,Gomez,ana.sanchez.10000008@test.com,F,"Don Bosco","La Paz","Ingenieria Informatica",700,"Stripe (Tarjetas)",REC-TEST-10000008,LIN100,M001,10500003,Pedro,Sanchez,"Licenciado en Filologia",30,13,12,34,59,Reprobado
10000009,Luis,Vargas,Gomez,luis.vargas.10000009@test.com,M,Marista,Potosi,"Ingenieria Informatica",700,PayPal,REC-TEST-10000009,MAT100,N001,10500016,Maria,Fernandez,"Licenciado en Matematicas",16,26,10,23,59,Reprobado
10000009,Luis,Vargas,Gomez,luis.vargas.10000009@test.com,M,Marista,Potosi,"Ingenieria Informatica",700,PayPal,REC-TEST-10000009,FIS100,N001,10500017,Carlos,Gomez,Fisico,27,13,11,3,27,Reprobado
10000009,Luis,Vargas,Gomez,luis.vargas.10000009@test.com,M,Marista,Potosi,"Ingenieria Informatica",700,PayPal,REC-TEST-10000009,INF100,N001,10500018,Paula,Rojas,"Ingeniero Informatico",20,7,29,1,37,Reprobado
10000009,Luis,Vargas,Gomez,luis.vargas.10000009@test.com,M,Marista,Potosi,"Ingenieria Informatica",700,PayPal,REC-TEST-10000009,LIN100,N001,10500019,Elena,Martinez,"Licenciado en Filologia",27,17,14,32,63,Aprobado
10000010,Andres,Ramirez,Gomez,andres.ramirez.10000010@test.com,M,"La Salle",Cochabamba,"Ingenieria en Redes",700,"Transferencia Bancaria",REC-TEST-10000010,MAT100,T001,10500012,Andres,Gomez,"Licenciado en Matematicas",34,32,21,0,53,Reprobado
10000010,Andres,Ramirez,Gomez,andres.ramirez.10000010@test.com,M,"La Salle",Cochabamba,"Ingenieria en Redes",700,"Transferencia Bancaria",REC-TEST-10000010,FIS100,T001,10500013,Sofia,Rojas,Fisico,40,28,16,23,67,Aprobado
10000010,Andres,Ramirez,Gomez,andres.ramirez.10000010@test.com,M,"La Salle",Cochabamba,"Ingenieria en Redes",700,"Transferencia Bancaria",REC-TEST-10000010,INF100,T001,10500014,Marta,Fernandez,"Ingeniero Informatico",20,9,24,23,56,Reprobado
10000010,Andres,Ramirez,Gomez,andres.ramirez.10000010@test.com,M,"La Salle",Cochabamba,"Ingenieria en Redes",700,"Transferencia Bancaria",REC-TEST-10000010,LIN100,T001,10500015,Jorge,Sanchez,"Licenciado en Filologia",28,23,2,27,52,Reprobado
10000011,Sofia,Lopez,Rojas,sofia.lopez.10000011@test.com,F,"Nacional Florida",Sucre,"Ingenieria en Redes",700,PayPal,REC-TEST-10000011,MAT100,M002,10500004,Ricardo,Lopez,"Licenciado en Matematicas",21,27,30,7,64,Aprobado
10000011,Sofia,Lopez,Rojas,sofia.lopez.10000011@test.com,F,"Nacional Florida",Sucre,"Ingenieria en Redes",700,PayPal,REC-TEST-10000011,FIS100,M002,10500005,Jorge,Perez,Fisico,25,23,12,34,69,Aprobado
10000011,Sofia,Lopez,Rojas,sofia.lopez.10000011@test.com,F,"Nacional Florida",Sucre,"Ingenieria en Redes",700,PayPal,REC-TEST-10000011,INF100,M002,10500006,Carlos,Sanchez,"Ingeniero Informatico",24,20,18,31,69,Aprobado
10000011,Sofia,Lopez,Rojas,sofia.lopez.10000011@test.com,F,"Nacional Florida",Sucre,"Ingenieria en Redes",700,PayPal,REC-TEST-10000011,LIN100,M002,10500007,Jorge,Gomez,"Licenciado en Filologia",33,7,25,7,39,Reprobado
10000012,Pedro,Lopez,Rojas,pedro.lopez.10000012@test.com,M,"La Salle","La Paz","Ingenieria Informatica",700,"Stripe (Tarjetas)",REC-TEST-10000012,MAT100,M003,10500008,Gabriela,Garcia,"Licenciado en Matematicas",30,15,30,8,53,Reprobado
10000012,Pedro,Lopez,Rojas,pedro.lopez.10000012@test.com,M,"La Salle","La Paz","Ingenieria Informatica",700,"Stripe (Tarjetas)",REC-TEST-10000012,FIS100,M003,10500009,Miguel,Perez,Fisico,35,21,23,2,46,Reprobado
10000012,Pedro,Lopez,Rojas,pedro.lopez.10000012@test.com,M,"La Salle","La Paz","Ingenieria Informatica",700,"Stripe (Tarjetas)",REC-TEST-10000012,INF100,M003,10500010,Valeria,Vargas,"Ingeniero Informatico",40,1,18,1,20,Reprobado
10000012,Pedro,Lopez,Rojas,pedro.lopez.10000012@test.com,M,"La Salle","La Paz","Ingenieria Informatica",700,"Stripe (Tarjetas)",REC-TEST-10000012,LIN100,M003,10500011,Paula,Sanchez,"Licenciado en Filologia",30,4,12,34,50,Reprobado
10000013,Valeria,Garcia,Martinez,valeria.garcia.10000013@test.com,F,"Domingo Savio",Tarija,"Ingenieria Informatica",700,"Stripe (Tarjetas)",REC-TEST-10000013,MAT100,M002,10500004,Ricardo,Lopez,"Licenciado en Matematicas",21,14,17,14,45,Reprobado
10000013,Valeria,Garcia,Martinez,valeria.garcia.10000013@test.com,F,"Domingo Savio",Tarija,"Ingenieria Informatica",700,"Stripe (Tarjetas)",REC-TEST-10000013,FIS100,M002,10500005,Jorge,Perez,Fisico,25,1,20,0,21,Reprobado
10000013,Valeria,Garcia,Martinez,valeria.garcia.10000013@test.com,F,"Domingo Savio",Tarija,"Ingenieria Informatica",700,"Stripe (Tarjetas)",REC-TEST-10000013,INF100,M002,10500006,Carlos,Sanchez,"Ingeniero Informatico",24,16,4,25,45,Reprobado
10000013,Valeria,Garcia,Martinez,valeria.garcia.10000013@test.com,F,"Domingo Savio",Tarija,"Ingenieria Informatica",700,"Stripe (Tarjetas)",REC-TEST-10000013,LIN100,M002,10500007,Jorge,Gomez,"Licenciado en Filologia",33,3,32,25,60,Aprobado
10000014,Marta,Torres,Garcia,marta.torres.10000014@test.com,F,"Nacional Florida",Cochabamba,"Ingenieria en Redes",700,"Stripe (Tarjetas)",REC-TEST-10000014,MAT100,M002,10500004,Ricardo,Lopez,"Licenciado en Matematicas",21,8,3,3,14,Reprobado
10000014,Marta,Torres,Garcia,marta.torres.10000014@test.com,F,"Nacional Florida",Cochabamba,"Ingenieria en Redes",700,"Stripe (Tarjetas)",REC-TEST-10000014,FIS100,M002,10500005,Jorge,Perez,Fisico,25,10,2,7,19,Reprobado
10000014,Marta,Torres,Garcia,marta.torres.10000014@test.com,F,"Nacional Florida",Cochabamba,"Ingenieria en Redes",700,"Stripe (Tarjetas)",REC-TEST-10000014,INF100,M002,10500006,Carlos,Sanchez,"Ingeniero Informatico",24,10,20,23,53,Reprobado
10000014,Marta,Torres,Garcia,marta.torres.10000014@test.com,F,"Nacional Florida",Cochabamba,"Ingenieria en Redes",700,"Stripe (Tarjetas)",REC-TEST-10000014,LIN100,M002,10500007,Jorge,Gomez,"Licenciado en Filologia",33,25,29,19,73,Aprobado
10000015,Pedro,Rodriguez,Martinez,pedro.rodriguez.10000015@test.com,M,Uboldi,Potosi,"Ingenieria en Redes",700,"Transferencia Bancaria",REC-TEST-10000015,MAT100,T001,10500012,Andres,Gomez,"Licenciado en Matematicas",34,6,28,22,56,Reprobado
10000015,Pedro,Rodriguez,Martinez,pedro.rodriguez.10000015@test.com,M,Uboldi,Potosi,"Ingenieria en Redes",700,"Transferencia Bancaria",REC-TEST-10000015,FIS100,T001,10500013,Sofia,Rojas,Fisico,40,11,1,16,28,Reprobado
10000015,Pedro,Rodriguez,Martinez,pedro.rodriguez.10000015@test.com,M,Uboldi,Potosi,"Ingenieria en Redes",700,"Transferencia Bancaria",REC-TEST-10000015,INF100,T001,10500014,Marta,Fernandez,"Ingeniero Informatico",20,8,25,26,59,Reprobado
10000015,Pedro,Rodriguez,Martinez,pedro.rodriguez.10000015@test.com,M,Uboldi,Potosi,"Ingenieria en Redes",700,"Transferencia Bancaria",REC-TEST-10000015,LIN100,T001,10500015,Jorge,Sanchez,"Licenciado en Filologia",28,21,4,25,50,Reprobado
10000016,Daniela,Ramirez,Rojas,daniela.ramirez.10000016@test.com,F,"Don Bosco",Pando,"Ingenieria Informatica",700,PayPal,REC-TEST-10000016,MAT100,N001,10500016,Maria,Fernandez,"Licenciado en Matematicas",16,21,33,33,87,Aprobado
10000016,Daniela,Ramirez,Rojas,daniela.ramirez.10000016@test.com,F,"Don Bosco",Pando,"Ingenieria Informatica",700,PayPal,REC-TEST-10000016,FIS100,N001,10500017,Carlos,Gomez,Fisico,27,13,30,14,57,Reprobado
10000016,Daniela,Ramirez,Rojas,daniela.ramirez.10000016@test.com,F,"Don Bosco",Pando,"Ingenieria Informatica",700,PayPal,REC-TEST-10000016,INF100,N001,10500018,Paula,Rojas,"Ingeniero Informatico",20,21,25,9,55,Reprobado
10000016,Daniela,Ramirez,Rojas,daniela.ramirez.10000016@test.com,F,"Don Bosco",Pando,"Ingenieria Informatica",700,PayPal,REC-TEST-10000016,LIN100,N001,10500019,Elena,Martinez,"Licenciado en Filologia",27,3,4,10,17,Reprobado
10000017,Gabriela,Fernandez,Ramirez,gabriela.fernandez.10000017@test.com,F,Espana,"Santa Cruz","Ingenieria de Sistemas",700,"Stripe (Tarjetas)",REC-TEST-10000017,MAT100,M003,10500008,Gabriela,Garcia,"Licenciado en Matematicas",30,25,22,17,64,Aprobado
10000017,Gabriela,Fernandez,Ramirez,gabriela.fernandez.10000017@test.com,F,Espana,"Santa Cruz","Ingenieria de Sistemas",700,"Stripe (Tarjetas)",REC-TEST-10000017,FIS100,M003,10500009,Miguel,Perez,Fisico,35,22,9,17,48,Reprobado
10000017,Gabriela,Fernandez,Ramirez,gabriela.fernandez.10000017@test.com,F,Espana,"Santa Cruz","Ingenieria de Sistemas",700,"Stripe (Tarjetas)",REC-TEST-10000017,INF100,M003,10500010,Valeria,Vargas,"Ingeniero Informatico",40,7,23,12,42,Reprobado
10000017,Gabriela,Fernandez,Ramirez,gabriela.fernandez.10000017@test.com,F,Espana,"Santa Cruz","Ingenieria de Sistemas",700,"Stripe (Tarjetas)",REC-TEST-10000017,LIN100,M003,10500011,Paula,Sanchez,"Licenciado en Filologia",30,27,11,31,69,Aprobado
10000018,Gabriela,Perez,Torres,gabriela.perez.10000018@test.com,F,Evangelico,Pando,"Ingenieria de Sistemas",700,"Stripe (Tarjetas)",REC-TEST-10000018,MAT100,M002,10500004,Ricardo,Lopez,"Licenciado en Matematicas",21,31,28,8,67,Aprobado
10000018,Gabriela,Perez,Torres,gabriela.perez.10000018@test.com,F,Evangelico,Pando,"Ingenieria de Sistemas",700,"Stripe (Tarjetas)",REC-TEST-10000018,FIS100,M002,10500005,Jorge,Perez,Fisico,25,13,18,23,54,Reprobado
10000018,Gabriela,Perez,Torres,gabriela.perez.10000018@test.com,F,Evangelico,Pando,"Ingenieria de Sistemas",700,"Stripe (Tarjetas)",REC-TEST-10000018,INF100,M002,10500006,Carlos,Sanchez,"Ingeniero Informatico",24,25,0,5,30,Reprobado
10000018,Gabriela,Perez,Torres,gabriela.perez.10000018@test.com,F,Evangelico,Pando,"Ingenieria de Sistemas",700,"Stripe (Tarjetas)",REC-TEST-10000018,LIN100,M002,10500007,Jorge,Gomez,"Licenciado en Filologia",33,14,24,1,39,Reprobado
10000019,Marta,Ramirez,Fernandez,marta.ramirez.10000019@test.com,F,"Domingo Savio",Cochabamba,"Ingenieria de Sistemas",700,"Transferencia Bancaria",REC-TEST-10000019,MAT100,T001,10500012,Andres,Gomez,"Licenciado en Matematicas",34,10,23,20,53,Reprobado
10000019,Marta,Ramirez,Fernandez,marta.ramirez.10000019@test.com,F,"Domingo Savio",Cochabamba,"Ingenieria de Sistemas",700,"Transferencia Bancaria",REC-TEST-10000019,FIS100,T001,10500013,Sofia,Rojas,Fisico,40,2,12,14,28,Reprobado
10000019,Marta,Ramirez,Fernandez,marta.ramirez.10000019@test.com,F,"Domingo Savio",Cochabamba,"Ingenieria de Sistemas",700,"Transferencia Bancaria",REC-TEST-10000019,INF100,T001,10500014,Marta,Fernandez,"Ingeniero Informatico",20,29,13,34,76,Aprobado
10000019,Marta,Ramirez,Fernandez,marta.ramirez.10000019@test.com,F,"Domingo Savio",Cochabamba,"Ingenieria de Sistemas",700,"Transferencia Bancaria",REC-TEST-10000019,LIN100,T001,10500015,Jorge,Sanchez,"Licenciado en Filologia",28,18,8,20,46,Reprobado
10000020,Jorge,Vargas,Perez,jorge.vargas.10000020@test.com,M,"Domingo Savio",Cochabamba,"Ingenieria en Redes",700,"Transferencia Bancaria",REC-TEST-10000020,MAT100,M002,10500004,Ricardo,Lopez,"Licenciado en Matematicas",21,2,11,25,38,Reprobado
10000020,Jorge,Vargas,Perez,jorge.vargas.10000020@test.com,M,"Domingo Savio",Cochabamba,"Ingenieria en Redes",700,"Transferencia Bancaria",REC-TEST-10000020,FIS100,M002,10500005,Jorge,Perez,Fisico,25,14,3,31,48,Reprobado
10000020,Jorge,Vargas,Perez,jorge.vargas.10000020@test.com,M,"Domingo Savio",Cochabamba,"Ingenieria en Redes",700,"Transferencia Bancaria",REC-TEST-10000020,INF100,M002,10500006,Carlos,Sanchez,"Ingeniero Informatico",24,32,33,29,94,Aprobado
10000020,Jorge,Vargas,Perez,jorge.vargas.10000020@test.com,M,"Domingo Savio",Cochabamba,"Ingenieria en Redes",700,"Transferencia Bancaria",REC-TEST-10000020,LIN100,M002,10500007,Jorge,Gomez,"Licenciado en Filologia",33,9,0,5,14,Reprobado
10000021,Ana,Garcia,Sanchez,ana.garcia.10000021@test.com,F,Uboldi,"Santa Cruz","Ingenieria de Sistemas",700,PayPal,REC-TEST-10000021,MAT100,M003,10500008,Gabriela,Garcia,"Licenciado en Matematicas",30,10,14,12,36,Reprobado
10000021,Ana,Garcia,Sanchez,ana.garcia.10000021@test.com,F,Uboldi,"Santa Cruz","Ingenieria de Sistemas",700,PayPal,REC-TEST-10000021,FIS100,M003,10500009,Miguel,Perez,Fisico,35,13,16,15,44,Reprobado
10000021,Ana,Garcia,Sanchez,ana.garcia.10000021@test.com,F,Uboldi,"Santa Cruz","Ingenieria de Sistemas",700,PayPal,REC-TEST-10000021,INF100,M003,10500010,Valeria,Vargas,"Ingeniero Informatico",40,14,28,30,72,Aprobado
10000021,Ana,Garcia,Sanchez,ana.garcia.10000021@test.com,F,Uboldi,"Santa Cruz","Ingenieria de Sistemas",700,PayPal,REC-TEST-10000021,LIN100,M003,10500011,Paula,Sanchez,"Licenciado en Filologia",30,30,21,19,70,Aprobado
10000022,Gabriela,Torres,Rojas,gabriela.torres.10000022@test.com,F,Uboldi,Sucre,"Ingenieria de Sistemas",700,"Stripe (Tarjetas)",REC-TEST-10000022,MAT100,M002,10500004,Ricardo,Lopez,"Licenciado en Matematicas",21,21,32,20,73,Aprobado
10000022,Gabriela,Torres,Rojas,gabriela.torres.10000022@test.com,F,Uboldi,Sucre,"Ingenieria de Sistemas",700,"Stripe (Tarjetas)",REC-TEST-10000022,FIS100,M002,10500005,Jorge,Perez,Fisico,25,21,0,29,50,Reprobado
10000022,Gabriela,Torres,Rojas,gabriela.torres.10000022@test.com,F,Uboldi,Sucre,"Ingenieria de Sistemas",700,"Stripe (Tarjetas)",REC-TEST-10000022,INF100,M002,10500006,Carlos,Sanchez,"Ingeniero Informatico",24,23,12,23,58,Reprobado
10000022,Gabriela,Torres,Rojas,gabriela.torres.10000022@test.com,F,Uboldi,Sucre,"Ingenieria de Sistemas",700,"Stripe (Tarjetas)",REC-TEST-10000022,LIN100,M002,10500007,Jorge,Gomez,"Licenciado en Filologia",33,26,11,5,42,Reprobado
10000023,Pedro,Garcia,Gomez,pedro.garcia.10000023@test.com,M,Uboldi,Oruro,"Ingenieria en Redes",700,PayPal,REC-TEST-10000023,MAT100,T001,10500012,Andres,Gomez,"Licenciado en Matematicas",34,3,31,6,40,Reprobado
10000023,Pedro,Garcia,Gomez,pedro.garcia.10000023@test.com,M,Uboldi,Oruro,"Ingenieria en Redes",700,PayPal,REC-TEST-10000023,FIS100,T001,10500013,Sofia,Rojas,Fisico,40,3,17,13,33,Reprobado
10000023,Pedro,Garcia,Gomez,pedro.garcia.10000023@test.com,M,Uboldi,Oruro,"Ingenieria en Redes",700,PayPal,REC-TEST-10000023,INF100,T001,10500014,Marta,Fernandez,"Ingeniero Informatico",20,5,25,12,42,Reprobado
10000023,Pedro,Garcia,Gomez,pedro.garcia.10000023@test.com,M,Uboldi,Oruro,"Ingenieria en Redes",700,PayPal,REC-TEST-10000023,LIN100,T001,10500015,Jorge,Sanchez,"Licenciado en Filologia",28,25,32,23,80,Aprobado
10000024,Paula,Rodriguez,Gomez,paula.rodriguez.10000024@test.com,F,Evangelico,"Santa Cruz","Ingenieria en Redes",700,"Stripe (Tarjetas)",REC-TEST-10000024,MAT100,N001,10500016,Maria,Fernandez,"Licenciado en Matematicas",16,4,20,17,41,Reprobado
10000024,Paula,Rodriguez,Gomez,paula.rodriguez.10000024@test.com,F,Evangelico,"Santa Cruz","Ingenieria en Redes",700,"Stripe (Tarjetas)",REC-TEST-10000024,FIS100,N001,10500017,Carlos,Gomez,Fisico,27,4,29,13,46,Reprobado
10000024,Paula,Rodriguez,Gomez,paula.rodriguez.10000024@test.com,F,Evangelico,"Santa Cruz","Ingenieria en Redes",700,"Stripe (Tarjetas)",REC-TEST-10000024,INF100,N001,10500018,Paula,Rojas,"Ingeniero Informatico",20,10,31,29,70,Aprobado
10000024,Paula,Rodriguez,Gomez,paula.rodriguez.10000024@test.com,F,Evangelico,"Santa Cruz","Ingenieria en Redes",700,"Stripe (Tarjetas)",REC-TEST-10000024,LIN100,N001,10500019,Elena,Martinez,"Licenciado en Filologia",27,20,26,5,51,Reprobado
10000025,Pedro,Rodriguez,Vargas,pedro.rodriguez.10000025@test.com,M,"Nacional Florida",Tarija,"Ingenieria en Redes",700,PayPal,REC-TEST-10000025,MAT100,N001,10500016,Maria,Fernandez,"Licenciado en Matematicas",16,24,6,4,34,Reprobado
10000025,Pedro,Rodriguez,Vargas,pedro.rodriguez.10000025@test.com,M,"Nacional Florida",Tarija,"Ingenieria en Redes",700,PayPal,REC-TEST-10000025,FIS100,N001,10500017,Carlos,Gomez,Fisico,27,30,10,1,41,Reprobado
10000025,Pedro,Rodriguez,Vargas,pedro.rodriguez.10000025@test.com,M,"Nacional Florida",Tarija,"Ingenieria en Redes",700,PayPal,REC-TEST-10000025,INF100,N001,10500018,Paula,Rojas,"Ingeniero Informatico",20,27,19,30,76,Aprobado
10000025,Pedro,Rodriguez,Vargas,pedro.rodriguez.10000025@test.com,M,"Nacional Florida",Tarija,"Ingenieria en Redes",700,PayPal,REC-TEST-10000025,LIN100,N001,10500019,Elena,Martinez,"Licenciado en Filologia",27,25,21,2,48,Reprobado
10000026,Daniela,Vargas,Lopez,daniela.vargas.10000026@test.com,F,"Nacional Florida","La Paz","Ingenieria de Sistemas",700,"Stripe (Tarjetas)",REC-TEST-10000026,MAT100,T001,10500012,Andres,Gomez,"Licenciado en Matematicas",34,25,33,5,63,Aprobado
10000026,Daniela,Vargas,Lopez,daniela.vargas.10000026@test.com,F,"Nacional Florida","La Paz","Ingenieria de Sistemas",700,"Stripe (Tarjetas)",REC-TEST-10000026,FIS100,T001,10500013,Sofia,Rojas,Fisico,40,9,10,0,19,Reprobado
10000026,Daniela,Vargas,Lopez,daniela.vargas.10000026@test.com,F,"Nacional Florida","La Paz","Ingenieria de Sistemas",700,"Stripe (Tarjetas)",REC-TEST-10000026,INF100,T001,10500014,Marta,Fernandez,"Ingeniero Informatico",20,27,8,13,48,Reprobado
10000026,Daniela,Vargas,Lopez,daniela.vargas.10000026@test.com,F,"Nacional Florida","La Paz","Ingenieria de Sistemas",700,"Stripe (Tarjetas)",REC-TEST-10000026,LIN100,T001,10500015,Jorge,Sanchez,"Licenciado en Filologia",28,5,31,17,53,Reprobado
10000027,Jose,Rodriguez,Fernandez,jose.rodriguez.10000027@test.com,M,Marista,Cochabamba,"Ingenieria en Redes",700,PayPal,REC-TEST-10000027,MAT100,M003,10500008,Gabriela,Garcia,"Licenciado en Matematicas",30,26,14,9,49,Reprobado
10000027,Jose,Rodriguez,Fernandez,jose.rodriguez.10000027@test.com,M,Marista,Cochabamba,"Ingenieria en Redes",700,PayPal,REC-TEST-10000027,FIS100,M003,10500009,Miguel,Perez,Fisico,35,0,15,20,35,Reprobado
10000027,Jose,Rodriguez,Fernandez,jose.rodriguez.10000027@test.com,M,Marista,Cochabamba,"Ingenieria en Redes",700,PayPal,REC-TEST-10000027,INF100,M003,10500010,Valeria,Vargas,"Ingeniero Informatico",40,12,2,3,17,Reprobado
10000027,Jose,Rodriguez,Fernandez,jose.rodriguez.10000027@test.com,M,Marista,Cochabamba,"Ingenieria en Redes",700,PayPal,REC-TEST-10000027,LIN100,M003,10500011,Paula,Sanchez,"Licenciado en Filologia",30,5,21,27,53,Reprobado
10000028,Laura,Rojas,Sanchez,laura.rojas.10000028@test.com,F,"La Salle",Pando,"Ingenieria en Redes",700,"Stripe (Tarjetas)",REC-TEST-10000028,MAT100,M002,10500004,Ricardo,Lopez,"Licenciado en Matematicas",21,31,20,9,60,Aprobado
10000028,Laura,Rojas,Sanchez,laura.rojas.10000028@test.com,F,"La Salle",Pando,"Ingenieria en Redes",700,"Stripe (Tarjetas)",REC-TEST-10000028,FIS100,M002,10500005,Jorge,Perez,Fisico,25,1,5,10,16,Reprobado
10000028,Laura,Rojas,Sanchez,laura.rojas.10000028@test.com,F,"La Salle",Pando,"Ingenieria en Redes",700,"Stripe (Tarjetas)",REC-TEST-10000028,INF100,M002,10500006,Carlos,Sanchez,"Ingeniero Informatico",24,22,7,7,36,Reprobado
10000028,Laura,Rojas,Sanchez,laura.rojas.10000028@test.com,F,"La Salle",Pando,"Ingenieria en Redes",700,"Stripe (Tarjetas)",REC-TEST-10000028,LIN100,M002,10500007,Jorge,Gomez,"Licenciado en Filologia",33,26,12,21,59,Reprobado
10000029,Paula,Lopez,Martinez,paula.lopez.10000029@test.com,F,Uboldi,"Santa Cruz","Ingenieria en Redes",700,"Transferencia Bancaria",REC-TEST-10000029,MAT100,M003,10500008,Gabriela,Garcia,"Licenciado en Matematicas",30,7,25,24,56,Reprobado
10000029,Paula,Lopez,Martinez,paula.lopez.10000029@test.com,F,Uboldi,"Santa Cruz","Ingenieria en Redes",700,"Transferencia Bancaria",REC-TEST-10000029,FIS100,M003,10500009,Miguel,Perez,Fisico,35,2,32,20,54,Reprobado
10000029,Paula,Lopez,Martinez,paula.lopez.10000029@test.com,F,Uboldi,"Santa Cruz","Ingenieria en Redes",700,"Transferencia Bancaria",REC-TEST-10000029,INF100,M003,10500010,Valeria,Vargas,"Ingeniero Informatico",40,25,23,22,70,Aprobado
10000029,Paula,Lopez,Martinez,paula.lopez.10000029@test.com,F,Uboldi,"Santa Cruz","Ingenieria en Redes",700,"Transferencia Bancaria",REC-TEST-10000029,LIN100,M003,10500011,Paula,Sanchez,"Licenciado en Filologia",30,27,24,9,60,Aprobado
10000030,Andres,Garcia,Rojas,andres.garcia.10000030@test.com,M,Evangelico,Tarija,"Ingenieria de Sistemas",700,PayPal,REC-TEST-10000030,MAT100,M001,10500000,Maria,Rodriguez,"Licenciado en Matematicas",37,26,26,6,58,Reprobado
10000030,Andres,Garcia,Rojas,andres.garcia.10000030@test.com,M,Evangelico,Tarija,"Ingenieria de Sistemas",700,PayPal,REC-TEST-10000030,FIS100,M001,10500001,Fernando,Garcia,Fisico,11,23,26,29,78,Aprobado
10000030,Andres,Garcia,Rojas,andres.garcia.10000030@test.com,M,Evangelico,Tarija,"Ingenieria de Sistemas",700,PayPal,REC-TEST-10000030,INF100,M001,10500002,Pedro,Lopez,"Ingeniero Informatico",15,28,4,27,59,Reprobado
10000030,Andres,Garcia,Rojas,andres.garcia.10000030@test.com,M,Evangelico,Tarija,"Ingenieria de Sistemas",700,PayPal,REC-TEST-10000030,LIN100,M001,10500003,Pedro,Sanchez,"Licenciado en Filologia",30,23,15,27,65,Aprobado
10000031,Luis,Gomez,Vargas,luis.gomez.10000031@test.com,M,Espana,Beni,"Ingenieria de Sistemas",700,PayPal,REC-TEST-10000031,MAT100,M003,10500008,Gabriela,Garcia,"Licenciado en Matematicas",30,6,6,34,46,Reprobado
10000031,Luis,Gomez,Vargas,luis.gomez.10000031@test.com,M,Espana,Beni,"Ingenieria de Sistemas",700,PayPal,REC-TEST-10000031,FIS100,M003,10500009,Miguel,Perez,Fisico,35,2,18,25,45,Reprobado
10000031,Luis,Gomez,Vargas,luis.gomez.10000031@test.com,M,Espana,Beni,"Ingenieria de Sistemas",700,PayPal,REC-TEST-10000031,INF100,M003,10500010,Valeria,Vargas,"Ingeniero Informatico",40,8,5,31,44,Reprobado
10000031,Luis,Gomez,Vargas,luis.gomez.10000031@test.com,M,Espana,Beni,"Ingenieria de Sistemas",700,PayPal,REC-TEST-10000031,LIN100,M003,10500011,Paula,Sanchez,"Licenciado en Filologia",30,0,33,12,45,Reprobado
10000032,Diego,Gomez,Garcia,diego.gomez.10000032@test.com,M,"La Salle",Beni,"Ingenieria en Redes",700,"Transferencia Bancaria",REC-TEST-10000032,MAT100,M003,10500008,Gabriela,Garcia,"Licenciado en Matematicas",30,5,2,22,29,Reprobado
10000032,Diego,Gomez,Garcia,diego.gomez.10000032@test.com,M,"La Salle",Beni,"Ingenieria en Redes",700,"Transferencia Bancaria",REC-TEST-10000032,FIS100,M003,10500009,Miguel,Perez,Fisico,35,13,15,11,39,Reprobado
10000032,Diego,Gomez,Garcia,diego.gomez.10000032@test.com,M,"La Salle",Beni,"Ingenieria en Redes",700,"Transferencia Bancaria",REC-TEST-10000032,INF100,M003,10500010,Valeria,Vargas,"Ingeniero Informatico",40,13,25,17,55,Reprobado
10000032,Diego,Gomez,Garcia,diego.gomez.10000032@test.com,M,"La Salle",Beni,"Ingenieria en Redes",700,"Transferencia Bancaria",REC-TEST-10000032,LIN100,M003,10500011,Paula,Sanchez,"Licenciado en Filologia",30,15,18,27,60,Aprobado
10000033,Miguel,Garcia,Torres,miguel.garcia.10000033@test.com,M,Marista,Beni,"Ingenieria en Redes",700,"Transferencia Bancaria",REC-TEST-10000033,MAT100,N001,10500016,Maria,Fernandez,"Licenciado en Matematicas",16,18,30,10,58,Reprobado
10000033,Miguel,Garcia,Torres,miguel.garcia.10000033@test.com,M,Marista,Beni,"Ingenieria en Redes",700,"Transferencia Bancaria",REC-TEST-10000033,FIS100,N001,10500017,Carlos,Gomez,Fisico,27,10,27,15,52,Reprobado
10000033,Miguel,Garcia,Torres,miguel.garcia.10000033@test.com,M,Marista,Beni,"Ingenieria en Redes",700,"Transferencia Bancaria",REC-TEST-10000033,INF100,N001,10500018,Paula,Rojas,"Ingeniero Informatico",20,22,30,28,80,Aprobado
10000033,Miguel,Garcia,Torres,miguel.garcia.10000033@test.com,M,Marista,Beni,"Ingenieria en Redes",700,"Transferencia Bancaria",REC-TEST-10000033,LIN100,N001,10500019,Elena,Martinez,"Licenciado en Filologia",27,4,12,20,36,Reprobado
10000034,Laura,Vargas,Torres,laura.vargas.10000034@test.com,F,Marista,Oruro,"Ingenieria en Redes",700,"Transferencia Bancaria",REC-TEST-10000034,MAT100,M003,10500008,Gabriela,Garcia,"Licenciado en Matematicas",30,15,12,19,46,Reprobado
10000034,Laura,Vargas,Torres,laura.vargas.10000034@test.com,F,Marista,Oruro,"Ingenieria en Redes",700,"Transferencia Bancaria",REC-TEST-10000034,FIS100,M003,10500009,Miguel,Perez,Fisico,35,11,9,31,51,Reprobado
10000034,Laura,Vargas,Torres,laura.vargas.10000034@test.com,F,Marista,Oruro,"Ingenieria en Redes",700,"Transferencia Bancaria",REC-TEST-10000034,INF100,M003,10500010,Valeria,Vargas,"Ingeniero Informatico",40,18,28,23,69,Aprobado
10000034,Laura,Vargas,Torres,laura.vargas.10000034@test.com,F,Marista,Oruro,"Ingenieria en Redes",700,"Transferencia Bancaria",REC-TEST-10000034,LIN100,M003,10500011,Paula,Sanchez,"Licenciado en Filologia",30,17,22,20,59,Reprobado
10000035,Gabriela,Ramirez,Rodriguez,gabriela.ramirez.10000035@test.com,F,Uboldi,Cochabamba,"Ingenieria Informatica",700,"Transferencia Bancaria",REC-TEST-10000035,MAT100,M003,10500008,Gabriela,Garcia,"Licenciado en Matematicas",30,24,23,17,64,Aprobado
10000035,Gabriela,Ramirez,Rodriguez,gabriela.ramirez.10000035@test.com,F,Uboldi,Cochabamba,"Ingenieria Informatica",700,"Transferencia Bancaria",REC-TEST-10000035,FIS100,M003,10500009,Miguel,Perez,Fisico,35,14,29,14,57,Reprobado
10000035,Gabriela,Ramirez,Rodriguez,gabriela.ramirez.10000035@test.com,F,Uboldi,Cochabamba,"Ingenieria Informatica",700,"Transferencia Bancaria",REC-TEST-10000035,INF100,M003,10500010,Valeria,Vargas,"Ingeniero Informatico",40,18,17,20,55,Reprobado
10000035,Gabriela,Ramirez,Rodriguez,gabriela.ramirez.10000035@test.com,F,Uboldi,Cochabamba,"Ingenieria Informatica",700,"Transferencia Bancaria",REC-TEST-10000035,LIN100,M003,10500011,Paula,Sanchez,"Licenciado en Filologia",30,28,2,21,51,Reprobado
10000036,Laura,Rodriguez,Rojas,laura.rodriguez.10000036@test.com,F,Espana,"La Paz","Ingenieria en Redes",700,"Transferencia Bancaria",REC-TEST-10000036,MAT100,M001,10500000,Maria,Rodriguez,"Licenciado en Matematicas",37,26,30,4,60,Aprobado
10000036,Laura,Rodriguez,Rojas,laura.rodriguez.10000036@test.com,F,Espana,"La Paz","Ingenieria en Redes",700,"Transferencia Bancaria",REC-TEST-10000036,FIS100,M001,10500001,Fernando,Garcia,Fisico,11,11,13,1,25,Reprobado
10000036,Laura,Rodriguez,Rojas,laura.rodriguez.10000036@test.com,F,Espana,"La Paz","Ingenieria en Redes",700,"Transferencia Bancaria",REC-TEST-10000036,INF100,M001,10500002,Pedro,Lopez,"Ingeniero Informatico",15,1,20,4,25,Reprobado
10000036,Laura,Rodriguez,Rojas,laura.rodriguez.10000036@test.com,F,Espana,"La Paz","Ingenieria en Redes",700,"Transferencia Bancaria",REC-TEST-10000036,LIN100,M001,10500003,Pedro,Sanchez,"Licenciado en Filologia",30,4,4,8,16,Reprobado
10000037,Andres,Garcia,Rodriguez,andres.garcia.10000037@test.com,M,"Don Bosco",Beni,"Ingenieria de Sistemas",700,"Transferencia Bancaria",REC-TEST-10000037,MAT100,M002,10500004,Ricardo,Lopez,"Licenciado en Matematicas",21,15,29,25,69,Aprobado
10000037,Andres,Garcia,Rodriguez,andres.garcia.10000037@test.com,M,"Don Bosco",Beni,"Ingenieria de Sistemas",700,"Transferencia Bancaria",REC-TEST-10000037,FIS100,M002,10500005,Jorge,Perez,Fisico,25,18,20,30,68,Aprobado
10000037,Andres,Garcia,Rodriguez,andres.garcia.10000037@test.com,M,"Don Bosco",Beni,"Ingenieria de Sistemas",700,"Transferencia Bancaria",REC-TEST-10000037,INF100,M002,10500006,Carlos,Sanchez,"Ingeniero Informatico",24,24,24,14,62,Aprobado
10000037,Andres,Garcia,Rodriguez,andres.garcia.10000037@test.com,M,"Don Bosco",Beni,"Ingenieria de Sistemas",700,"Transferencia Bancaria",REC-TEST-10000037,LIN100,M002,10500007,Jorge,Gomez,"Licenciado en Filologia",33,7,25,12,44,Reprobado
10000038,Laura,Perez,Gomez,laura.perez.10000038@test.com,F,Espana,Potosi,"Ingenieria en Redes",700,"Transferencia Bancaria",REC-TEST-10000038,MAT100,M003,10500008,Gabriela,Garcia,"Licenciado en Matematicas",30,8,12,34,54,Reprobado
10000038,Laura,Perez,Gomez,laura.perez.10000038@test.com,F,Espana,Potosi,"Ingenieria en Redes",700,"Transferencia Bancaria",REC-TEST-10000038,FIS100,M003,10500009,Miguel,Perez,Fisico,35,11,18,20,49,Reprobado
10000038,Laura,Perez,Gomez,laura.perez.10000038@test.com,F,Espana,Potosi,"Ingenieria en Redes",700,"Transferencia Bancaria",REC-TEST-10000038,INF100,M003,10500010,Valeria,Vargas,"Ingeniero Informatico",40,15,16,17,48,Reprobado
10000038,Laura,Perez,Gomez,laura.perez.10000038@test.com,F,Espana,Potosi,"Ingenieria en Redes",700,"Transferencia Bancaria",REC-TEST-10000038,LIN100,M003,10500011,Paula,Sanchez,"Licenciado en Filologia",30,26,9,13,48,Reprobado
10000039,Elena,Fernandez,Martinez,elena.fernandez.10000039@test.com,F,"Nacional Florida",Beni,"Ingenieria de Sistemas",700,"Transferencia Bancaria",REC-TEST-10000039,MAT100,N001,10500016,Maria,Fernandez,"Licenciado en Matematicas",16,16,32,17,65,Aprobado
10000039,Elena,Fernandez,Martinez,elena.fernandez.10000039@test.com,F,"Nacional Florida",Beni,"Ingenieria de Sistemas",700,"Transferencia Bancaria",REC-TEST-10000039,FIS100,N001,10500017,Carlos,Gomez,Fisico,27,1,12,3,16,Reprobado
10000039,Elena,Fernandez,Martinez,elena.fernandez.10000039@test.com,F,"Nacional Florida",Beni,"Ingenieria de Sistemas",700,"Transferencia Bancaria",REC-TEST-10000039,INF100,N001,10500018,Paula,Rojas,"Ingeniero Informatico",20,24,5,7,36,Reprobado
10000039,Elena,Fernandez,Martinez,elena.fernandez.10000039@test.com,F,"Nacional Florida",Beni,"Ingenieria de Sistemas",700,"Transferencia Bancaria",REC-TEST-10000039,LIN100,N001,10500019,Elena,Martinez,"Licenciado en Filologia",27,1,26,10,37,Reprobado
10000040,Roberto,Perez,Gomez,roberto.perez.10000040@test.com,M,Uboldi,Sucre,"Ingenieria en Redes",700,PayPal,REC-TEST-10000040,MAT100,T001,10500012,Andres,Gomez,"Licenciado en Matematicas",34,20,19,25,64,Aprobado
10000040,Roberto,Perez,Gomez,roberto.perez.10000040@test.com,M,Uboldi,Sucre,"Ingenieria en Redes",700,PayPal,REC-TEST-10000040,FIS100,T001,10500013,Sofia,Rojas,Fisico,40,6,10,11,27,Reprobado
10000040,Roberto,Perez,Gomez,roberto.perez.10000040@test.com,M,Uboldi,Sucre,"Ingenieria en Redes",700,PayPal,REC-TEST-10000040,INF100,T001,10500014,Marta,Fernandez,"Ingeniero Informatico",20,17,23,33,73,Aprobado
10000040,Roberto,Perez,Gomez,roberto.perez.10000040@test.com,M,Uboldi,Sucre,"Ingenieria en Redes",700,PayPal,REC-TEST-10000040,LIN100,T001,10500015,Jorge,Sanchez,"Licenciado en Filologia",28,10,8,3,21,Reprobado
10000041,Sofia,Perez,Garcia,sofia.perez.10000041@test.com,F,Uboldi,Tarija,"Ingenieria de Sistemas",700,"Transferencia Bancaria",REC-TEST-10000041,MAT100,M003,10500008,Gabriela,Garcia,"Licenciado en Matematicas",30,32,21,19,72,Aprobado
10000041,Sofia,Perez,Garcia,sofia.perez.10000041@test.com,F,Uboldi,Tarija,"Ingenieria de Sistemas",700,"Transferencia Bancaria",REC-TEST-10000041,FIS100,M003,10500009,Miguel,Perez,Fisico,35,10,31,2,43,Reprobado
10000041,Sofia,Perez,Garcia,sofia.perez.10000041@test.com,F,Uboldi,Tarija,"Ingenieria de Sistemas",700,"Transferencia Bancaria",REC-TEST-10000041,INF100,M003,10500010,Valeria,Vargas,"Ingeniero Informatico",40,12,9,32,53,Reprobado
10000041,Sofia,Perez,Garcia,sofia.perez.10000041@test.com,F,Uboldi,Tarija,"Ingenieria de Sistemas",700,"Transferencia Bancaria",REC-TEST-10000041,LIN100,M003,10500011,Paula,Sanchez,"Licenciado en Filologia",30,31,4,13,48,Reprobado
10000042,Laura,Rodriguez,Martinez,laura.rodriguez.10000042@test.com,F,"La Salle",Cochabamba,"Ingenieria en Redes",700,"Transferencia Bancaria",REC-TEST-10000042,MAT100,N001,10500016,Maria,Fernandez,"Licenciado en Matematicas",16,8,10,29,47,Reprobado
10000042,Laura,Rodriguez,Martinez,laura.rodriguez.10000042@test.com,F,"La Salle",Cochabamba,"Ingenieria en Redes",700,"Transferencia Bancaria",REC-TEST-10000042,FIS100,N001,10500017,Carlos,Gomez,Fisico,27,14,24,28,66,Aprobado
10000042,Laura,Rodriguez,Martinez,laura.rodriguez.10000042@test.com,F,"La Salle",Cochabamba,"Ingenieria en Redes",700,"Transferencia Bancaria",REC-TEST-10000042,INF100,N001,10500018,Paula,Rojas,"Ingeniero Informatico",20,8,5,33,46,Reprobado
10000042,Laura,Rodriguez,Martinez,laura.rodriguez.10000042@test.com,F,"La Salle",Cochabamba,"Ingenieria en Redes",700,"Transferencia Bancaria",REC-TEST-10000042,LIN100,N001,10500019,Elena,Martinez,"Licenciado en Filologia",27,19,27,20,66,Aprobado
10000043,Andres,Sanchez,Rojas,andres.sanchez.10000043@test.com,M,Marista,"La Paz","Ingenieria Informatica",700,"Transferencia Bancaria",REC-TEST-10000043,MAT100,N001,10500016,Maria,Fernandez,"Licenciado en Matematicas",16,1,33,12,46,Reprobado
10000043,Andres,Sanchez,Rojas,andres.sanchez.10000043@test.com,M,Marista,"La Paz","Ingenieria Informatica",700,"Transferencia Bancaria",REC-TEST-10000043,FIS100,N001,10500017,Carlos,Gomez,Fisico,27,17,9,0,26,Reprobado
10000043,Andres,Sanchez,Rojas,andres.sanchez.10000043@test.com,M,Marista,"La Paz","Ingenieria Informatica",700,"Transferencia Bancaria",REC-TEST-10000043,INF100,N001,10500018,Paula,Rojas,"Ingeniero Informatico",20,1,30,28,59,Reprobado
10000043,Andres,Sanchez,Rojas,andres.sanchez.10000043@test.com,M,Marista,"La Paz","Ingenieria Informatica",700,"Transferencia Bancaria",REC-TEST-10000043,LIN100,N001,10500019,Elena,Martinez,"Licenciado en Filologia",27,31,23,16,70,Aprobado
10000044,Lucia,Rodriguez,Gomez,lucia.rodriguez.10000044@test.com,F,Evangelico,"Santa Cruz","Ingenieria Informatica",700,"Transferencia Bancaria",REC-TEST-10000044,MAT100,T001,10500012,Andres,Gomez,"Licenciado en Matematicas",34,13,30,29,72,Aprobado
10000044,Lucia,Rodriguez,Gomez,lucia.rodriguez.10000044@test.com,F,Evangelico,"Santa Cruz","Ingenieria Informatica",700,"Transferencia Bancaria",REC-TEST-10000044,FIS100,T001,10500013,Sofia,Rojas,Fisico,40,23,24,20,67,Aprobado
10000044,Lucia,Rodriguez,Gomez,lucia.rodriguez.10000044@test.com,F,Evangelico,"Santa Cruz","Ingenieria Informatica",700,"Transferencia Bancaria",REC-TEST-10000044,INF100,T001,10500014,Marta,Fernandez,"Ingeniero Informatico",20,16,17,11,44,Reprobado
10000044,Lucia,Rodriguez,Gomez,lucia.rodriguez.10000044@test.com,F,Evangelico,"Santa Cruz","Ingenieria Informatica",700,"Transferencia Bancaria",REC-TEST-10000044,LIN100,T001,10500015,Jorge,Sanchez,"Licenciado en Filologia",28,23,25,34,82,Aprobado
10000045,Paula,Lopez,Perez,paula.lopez.10000045@test.com,F,Espana,Tarija,"Ingenieria Informatica",700,PayPal,REC-TEST-10000045,MAT100,M003,10500008,Gabriela,Garcia,"Licenciado en Matematicas",30,5,4,2,11,Reprobado
10000045,Paula,Lopez,Perez,paula.lopez.10000045@test.com,F,Espana,Tarija,"Ingenieria Informatica",700,PayPal,REC-TEST-10000045,FIS100,M003,10500009,Miguel,Perez,Fisico,35,3,13,11,27,Reprobado
10000045,Paula,Lopez,Perez,paula.lopez.10000045@test.com,F,Espana,Tarija,"Ingenieria Informatica",700,PayPal,REC-TEST-10000045,INF100,M003,10500010,Valeria,Vargas,"Ingeniero Informatico",40,3,0,29,32,Reprobado
10000045,Paula,Lopez,Perez,paula.lopez.10000045@test.com,F,Espana,Tarija,"Ingenieria Informatica",700,PayPal,REC-TEST-10000045,LIN100,M003,10500011,Paula,Sanchez,"Licenciado en Filologia",30,1,12,14,27,Reprobado
10000046,Elena,Rodriguez,Rodriguez,elena.rodriguez.10000046@test.com,F,"La Salle",Potosi,"Ingenieria Informatica",700,"Transferencia Bancaria",REC-TEST-10000046,MAT100,M002,10500004,Ricardo,Lopez,"Licenciado en Matematicas",21,6,26,30,62,Aprobado
10000046,Elena,Rodriguez,Rodriguez,elena.rodriguez.10000046@test.com,F,"La Salle",Potosi,"Ingenieria Informatica",700,"Transferencia Bancaria",REC-TEST-10000046,FIS100,M002,10500005,Jorge,Perez,Fisico,25,0,26,29,55,Reprobado
10000046,Elena,Rodriguez,Rodriguez,elena.rodriguez.10000046@test.com,F,"La Salle",Potosi,"Ingenieria Informatica",700,"Transferencia Bancaria",REC-TEST-10000046,INF100,M002,10500006,Carlos,Sanchez,"Ingeniero Informatico",24,10,9,22,41,Reprobado
10000046,Elena,Rodriguez,Rodriguez,elena.rodriguez.10000046@test.com,F,"La Salle",Potosi,"Ingenieria Informatica",700,"Transferencia Bancaria",REC-TEST-10000046,LIN100,M002,10500007,Jorge,Gomez,"Licenciado en Filologia",33,6,30,21,57,Reprobado
10000047,Pedro,Lopez,Perez,pedro.lopez.10000047@test.com,M,"Nacional Florida",Cochabamba,"Ingenieria de Sistemas",700,"Transferencia Bancaria",REC-TEST-10000047,MAT100,N001,10500016,Maria,Fernandez,"Licenciado en Matematicas",16,19,33,1,53,Reprobado
10000047,Pedro,Lopez,Perez,pedro.lopez.10000047@test.com,M,"Nacional Florida",Cochabamba,"Ingenieria de Sistemas",700,"Transferencia Bancaria",REC-TEST-10000047,FIS100,N001,10500017,Carlos,Gomez,Fisico,27,31,27,29,87,Aprobado
10000047,Pedro,Lopez,Perez,pedro.lopez.10000047@test.com,M,"Nacional Florida",Cochabamba,"Ingenieria de Sistemas",700,"Transferencia Bancaria",REC-TEST-10000047,INF100,N001,10500018,Paula,Rojas,"Ingeniero Informatico",20,31,5,5,41,Reprobado
10000047,Pedro,Lopez,Perez,pedro.lopez.10000047@test.com,M,"Nacional Florida",Cochabamba,"Ingenieria de Sistemas",700,"Transferencia Bancaria",REC-TEST-10000047,LIN100,N001,10500019,Elena,Martinez,"Licenciado en Filologia",27,23,20,31,74,Aprobado
10000048,Daniela,Vargas,Vargas,daniela.vargas.10000048@test.com,F,"Nacional Florida",Beni,"Ingenieria Informatica",700,PayPal,REC-TEST-10000048,MAT100,N001,10500016,Maria,Fernandez,"Licenciado en Matematicas",16,12,29,5,46,Reprobado
10000048,Daniela,Vargas,Vargas,daniela.vargas.10000048@test.com,F,"Nacional Florida",Beni,"Ingenieria Informatica",700,PayPal,REC-TEST-10000048,FIS100,N001,10500017,Carlos,Gomez,Fisico,27,30,27,1,58,Reprobado
10000048,Daniela,Vargas,Vargas,daniela.vargas.10000048@test.com,F,"Nacional Florida",Beni,"Ingenieria Informatica",700,PayPal,REC-TEST-10000048,INF100,N001,10500018,Paula,Rojas,"Ingeniero Informatico",20,24,13,4,41,Reprobado
10000048,Daniela,Vargas,Vargas,daniela.vargas.10000048@test.com,F,"Nacional Florida",Beni,"Ingenieria Informatica",700,PayPal,REC-TEST-10000048,LIN100,N001,10500019,Elena,Martinez,"Licenciado en Filologia",27,32,24,33,89,Aprobado
10000049,Carmen,Rojas,Rojas,carmen.rojas.10000049@test.com,F,"La Salle","La Paz","Ingenieria de Sistemas",700,PayPal,REC-TEST-10000049,MAT100,N001,10500016,Maria,Fernandez,"Licenciado en Matematicas",16,9,26,13,48,Reprobado
10000049,Carmen,Rojas,Rojas,carmen.rojas.10000049@test.com,F,"La Salle","La Paz","Ingenieria de Sistemas",700,PayPal,REC-TEST-10000049,FIS100,N001,10500017,Carlos,Gomez,Fisico,27,22,30,24,76,Aprobado
10000049,Carmen,Rojas,Rojas,carmen.rojas.10000049@test.com,F,"La Salle","La Paz","Ingenieria de Sistemas",700,PayPal,REC-TEST-10000049,INF100,N001,10500018,Paula,Rojas,"Ingeniero Informatico",20,8,15,31,54,Reprobado
10000049,Carmen,Rojas,Rojas,carmen.rojas.10000049@test.com,F,"La Salle","La Paz","Ingenieria de Sistemas",700,PayPal,REC-TEST-10000049,LIN100,N001,10500019,Elena,Martinez,"Licenciado en Filologia",27,5,20,22,47,Reprobado
10000050,Jose,Vargas,Martinez,jose.vargas.10000050@test.com,M,Marista,Cochabamba,"Ingenieria de Sistemas",700,"Transferencia Bancaria",REC-TEST-10000050,MAT100,M003,10500008,Gabriela,Garcia,"Licenciado en Matematicas",30,33,16,31,80,Aprobado
10000050,Jose,Vargas,Martinez,jose.vargas.10000050@test.com,M,Marista,Cochabamba,"Ingenieria de Sistemas",700,"Transferencia Bancaria",REC-TEST-10000050,FIS100,M003,10500009,Miguel,Perez,Fisico,35,14,26,13,53,Reprobado
10000050,Jose,Vargas,Martinez,jose.vargas.10000050@test.com,M,Marista,Cochabamba,"Ingenieria de Sistemas",700,"Transferencia Bancaria",REC-TEST-10000050,INF100,M003,10500010,Valeria,Vargas,"Ingeniero Informatico",40,26,8,2,36,Reprobado
10000050,Jose,Vargas,Martinez,jose.vargas.10000050@test.com,M,Marista,Cochabamba,"Ingenieria de Sistemas",700,"Transferencia Bancaria",REC-TEST-10000050,LIN100,M003,10500011,Paula,Sanchez,"Licenciado en Filologia",30,10,13,3,26,Reprobado
10000051,Lucia,Perez,Torres,lucia.perez.10000051@test.com,F,Uboldi,Beni,"Ingenieria Informatica",700,"Transferencia Bancaria",REC-TEST-10000051,MAT100,N001,10500016,Maria,Fernandez,"Licenciado en Matematicas",16,8,19,28,55,Reprobado
10000051,Lucia,Perez,Torres,lucia.perez.10000051@test.com,F,Uboldi,Beni,"Ingenieria Informatica",700,"Transferencia Bancaria",REC-TEST-10000051,FIS100,N001,10500017,Carlos,Gomez,Fisico,27,10,21,14,45,Reprobado
10000051,Lucia,Perez,Torres,lucia.perez.10000051@test.com,F,Uboldi,Beni,"Ingenieria Informatica",700,"Transferencia Bancaria",REC-TEST-10000051,INF100,N001,10500018,Paula,Rojas,"Ingeniero Informatico",20,8,15,10,33,Reprobado
10000051,Lucia,Perez,Torres,lucia.perez.10000051@test.com,F,Uboldi,Beni,"Ingenieria Informatica",700,"Transferencia Bancaria",REC-TEST-10000051,LIN100,N001,10500019,Elena,Martinez,"Licenciado en Filologia",27,23,26,8,57,Reprobado
10000052,Marta,Martinez,Garcia,marta.martinez.10000052@test.com,F,Marista,Potosi,"Ingenieria en Redes",700,PayPal,REC-TEST-10000052,MAT100,N001,10500016,Maria,Fernandez,"Licenciado en Matematicas",16,15,1,32,48,Reprobado
10000052,Marta,Martinez,Garcia,marta.martinez.10000052@test.com,F,Marista,Potosi,"Ingenieria en Redes",700,PayPal,REC-TEST-10000052,FIS100,N001,10500017,Carlos,Gomez,Fisico,27,31,9,31,71,Aprobado
10000052,Marta,Martinez,Garcia,marta.martinez.10000052@test.com,F,Marista,Potosi,"Ingenieria en Redes",700,PayPal,REC-TEST-10000052,INF100,N001,10500018,Paula,Rojas,"Ingeniero Informatico",20,20,20,8,48,Reprobado
10000052,Marta,Martinez,Garcia,marta.martinez.10000052@test.com,F,Marista,Potosi,"Ingenieria en Redes",700,PayPal,REC-TEST-10000052,LIN100,N001,10500019,Elena,Martinez,"Licenciado en Filologia",27,27,24,11,62,Aprobado
10000053,Daniela,Sanchez,Torres,daniela.sanchez.10000053@test.com,F,"Don Bosco",Tarija,"Ingenieria de Sistemas",700,"Transferencia Bancaria",REC-TEST-10000053,MAT100,M001,10500000,Maria,Rodriguez,"Licenciado en Matematicas",37,11,28,25,64,Aprobado
10000053,Daniela,Sanchez,Torres,daniela.sanchez.10000053@test.com,F,"Don Bosco",Tarija,"Ingenieria de Sistemas",700,"Transferencia Bancaria",REC-TEST-10000053,FIS100,M001,10500001,Fernando,Garcia,Fisico,11,7,8,7,22,Reprobado
10000053,Daniela,Sanchez,Torres,daniela.sanchez.10000053@test.com,F,"Don Bosco",Tarija,"Ingenieria de Sistemas",700,"Transferencia Bancaria",REC-TEST-10000053,INF100,M001,10500002,Pedro,Lopez,"Ingeniero Informatico",15,25,18,13,56,Reprobado
10000053,Daniela,Sanchez,Torres,daniela.sanchez.10000053@test.com,F,"Don Bosco",Tarija,"Ingenieria de Sistemas",700,"Transferencia Bancaria",REC-TEST-10000053,LIN100,M001,10500003,Pedro,Sanchez,"Licenciado en Filologia",30,0,1,31,32,Reprobado
10000054,Marta,Perez,Fernandez,marta.perez.10000054@test.com,F,"Nacional Florida",Pando,"Ingenieria de Sistemas",700,"Transferencia Bancaria",REC-TEST-10000054,MAT100,M002,10500004,Ricardo,Lopez,"Licenciado en Matematicas",21,25,18,0,43,Reprobado
10000054,Marta,Perez,Fernandez,marta.perez.10000054@test.com,F,"Nacional Florida",Pando,"Ingenieria de Sistemas",700,"Transferencia Bancaria",REC-TEST-10000054,FIS100,M002,10500005,Jorge,Perez,Fisico,25,29,31,14,74,Aprobado
10000054,Marta,Perez,Fernandez,marta.perez.10000054@test.com,F,"Nacional Florida",Pando,"Ingenieria de Sistemas",700,"Transferencia Bancaria",REC-TEST-10000054,INF100,M002,10500006,Carlos,Sanchez,"Ingeniero Informatico",24,1,3,30,34,Reprobado
10000054,Marta,Perez,Fernandez,marta.perez.10000054@test.com,F,"Nacional Florida",Pando,"Ingenieria de Sistemas",700,"Transferencia Bancaria",REC-TEST-10000054,LIN100,M002,10500007,Jorge,Gomez,"Licenciado en Filologia",33,23,29,5,57,Reprobado
10000055,Laura,Rojas,Fernandez,laura.rojas.10000055@test.com,F,"Domingo Savio",Cochabamba,"Ingenieria en Redes",700,"Transferencia Bancaria",REC-TEST-10000055,MAT100,M001,10500000,Maria,Rodriguez,"Licenciado en Matematicas",37,3,10,12,25,Reprobado
10000055,Laura,Rojas,Fernandez,laura.rojas.10000055@test.com,F,"Domingo Savio",Cochabamba,"Ingenieria en Redes",700,"Transferencia Bancaria",REC-TEST-10000055,FIS100,M001,10500001,Fernando,Garcia,Fisico,11,15,10,13,38,Reprobado
10000055,Laura,Rojas,Fernandez,laura.rojas.10000055@test.com,F,"Domingo Savio",Cochabamba,"Ingenieria en Redes",700,"Transferencia Bancaria",REC-TEST-10000055,INF100,M001,10500002,Pedro,Lopez,"Ingeniero Informatico",15,11,26,27,64,Aprobado
10000055,Laura,Rojas,Fernandez,laura.rojas.10000055@test.com,F,"Domingo Savio",Cochabamba,"Ingenieria en Redes",700,"Transferencia Bancaria",REC-TEST-10000055,LIN100,M001,10500003,Pedro,Sanchez,"Licenciado en Filologia",30,11,20,25,56,Reprobado
10000056,Jorge,Martinez,Torres,jorge.martinez.10000056@test.com,M,"Domingo Savio",Oruro,"Ingenieria en Redes",700,PayPal,REC-TEST-10000056,MAT100,N001,10500016,Maria,Fernandez,"Licenciado en Matematicas",16,33,29,4,66,Aprobado
10000056,Jorge,Martinez,Torres,jorge.martinez.10000056@test.com,M,"Domingo Savio",Oruro,"Ingenieria en Redes",700,PayPal,REC-TEST-10000056,FIS100,N001,10500017,Carlos,Gomez,Fisico,27,30,11,21,62,Aprobado
10000056,Jorge,Martinez,Torres,jorge.martinez.10000056@test.com,M,"Domingo Savio",Oruro,"Ingenieria en Redes",700,PayPal,REC-TEST-10000056,INF100,N001,10500018,Paula,Rojas,"Ingeniero Informatico",20,21,31,6,58,Reprobado
10000056,Jorge,Martinez,Torres,jorge.martinez.10000056@test.com,M,"Domingo Savio",Oruro,"Ingenieria en Redes",700,PayPal,REC-TEST-10000056,LIN100,N001,10500019,Elena,Martinez,"Licenciado en Filologia",27,26,11,1,38,Reprobado
10000057,Pedro,Torres,Martinez,pedro.torres.10000057@test.com,M,Espana,"Santa Cruz","Ingenieria en Redes",700,PayPal,REC-TEST-10000057,MAT100,M002,10500004,Ricardo,Lopez,"Licenciado en Matematicas",21,10,11,11,32,Reprobado
10000057,Pedro,Torres,Martinez,pedro.torres.10000057@test.com,M,Espana,"Santa Cruz","Ingenieria en Redes",700,PayPal,REC-TEST-10000057,FIS100,M002,10500005,Jorge,Perez,Fisico,25,4,28,0,32,Reprobado
10000057,Pedro,Torres,Martinez,pedro.torres.10000057@test.com,M,Espana,"Santa Cruz","Ingenieria en Redes",700,PayPal,REC-TEST-10000057,INF100,M002,10500006,Carlos,Sanchez,"Ingeniero Informatico",24,28,20,31,79,Aprobado
10000057,Pedro,Torres,Martinez,pedro.torres.10000057@test.com,M,Espana,"Santa Cruz","Ingenieria en Redes",700,PayPal,REC-TEST-10000057,LIN100,M002,10500007,Jorge,Gomez,"Licenciado en Filologia",33,5,30,33,68,Aprobado
10000058,Daniela,Ramirez,Martinez,daniela.ramirez.10000058@test.com,F,Uboldi,"Santa Cruz","Ingenieria Informatica",700,PayPal,REC-TEST-10000058,MAT100,M003,10500008,Gabriela,Garcia,"Licenciado en Matematicas",30,20,9,12,41,Reprobado
10000058,Daniela,Ramirez,Martinez,daniela.ramirez.10000058@test.com,F,Uboldi,"Santa Cruz","Ingenieria Informatica",700,PayPal,REC-TEST-10000058,FIS100,M003,10500009,Miguel,Perez,Fisico,35,25,0,21,46,Reprobado
10000058,Daniela,Ramirez,Martinez,daniela.ramirez.10000058@test.com,F,Uboldi,"Santa Cruz","Ingenieria Informatica",700,PayPal,REC-TEST-10000058,INF100,M003,10500010,Valeria,Vargas,"Ingeniero Informatico",40,7,23,32,62,Aprobado
10000058,Daniela,Ramirez,Martinez,daniela.ramirez.10000058@test.com,F,Uboldi,"Santa Cruz","Ingenieria Informatica",700,PayPal,REC-TEST-10000058,LIN100,M003,10500011,Paula,Sanchez,"Licenciado en Filologia",30,1,13,22,36,Reprobado
10000059,Roberto,Gomez,Rodriguez,roberto.gomez.10000059@test.com,M,Uboldi,Oruro,"Ingenieria de Sistemas",700,PayPal,REC-TEST-10000059,MAT100,N001,10500016,Maria,Fernandez,"Licenciado en Matematicas",16,14,10,21,45,Reprobado
10000059,Roberto,Gomez,Rodriguez,roberto.gomez.10000059@test.com,M,Uboldi,Oruro,"Ingenieria de Sistemas",700,PayPal,REC-TEST-10000059,FIS100,N001,10500017,Carlos,Gomez,Fisico,27,15,19,8,42,Reprobado
10000059,Roberto,Gomez,Rodriguez,roberto.gomez.10000059@test.com,M,Uboldi,Oruro,"Ingenieria de Sistemas",700,PayPal,REC-TEST-10000059,INF100,N001,10500018,Paula,Rojas,"Ingeniero Informatico",20,8,5,15,28,Reprobado
10000059,Roberto,Gomez,Rodriguez,roberto.gomez.10000059@test.com,M,Uboldi,Oruro,"Ingenieria de Sistemas",700,PayPal,REC-TEST-10000059,LIN100,N001,10500019,Elena,Martinez,"Licenciado en Filologia",27,15,28,19,62,Aprobado
10000060,Ana,Gomez,Rodriguez,ana.gomez.10000060@test.com,F,"Don Bosco","Santa Cruz","Ingenieria en Redes",700,"Stripe (Tarjetas)",REC-TEST-10000060,MAT100,N001,10500016,Maria,Fernandez,"Licenciado en Matematicas",16,22,20,32,74,Aprobado
10000060,Ana,Gomez,Rodriguez,ana.gomez.10000060@test.com,F,"Don Bosco","Santa Cruz","Ingenieria en Redes",700,"Stripe (Tarjetas)",REC-TEST-10000060,FIS100,N001,10500017,Carlos,Gomez,Fisico,27,12,20,19,51,Reprobado
10000060,Ana,Gomez,Rodriguez,ana.gomez.10000060@test.com,F,"Don Bosco","Santa Cruz","Ingenieria en Redes",700,"Stripe (Tarjetas)",REC-TEST-10000060,INF100,N001,10500018,Paula,Rojas,"Ingeniero Informatico",20,15,30,12,57,Reprobado
10000060,Ana,Gomez,Rodriguez,ana.gomez.10000060@test.com,F,"Don Bosco","Santa Cruz","Ingenieria en Redes",700,"Stripe (Tarjetas)",REC-TEST-10000060,LIN100,N001,10500019,Elena,Martinez,"Licenciado en Filologia",27,30,5,8,43,Reprobado
10000061,Andres,Vargas,Ramirez,andres.vargas.10000061@test.com,M,Espana,Beni,"Ingenieria Informatica",700,"Transferencia Bancaria",REC-TEST-10000061,MAT100,T001,10500012,Andres,Gomez,"Licenciado en Matematicas",34,10,3,0,13,Reprobado
10000061,Andres,Vargas,Ramirez,andres.vargas.10000061@test.com,M,Espana,Beni,"Ingenieria Informatica",700,"Transferencia Bancaria",REC-TEST-10000061,FIS100,T001,10500013,Sofia,Rojas,Fisico,40,22,1,16,39,Reprobado
10000061,Andres,Vargas,Ramirez,andres.vargas.10000061@test.com,M,Espana,Beni,"Ingenieria Informatica",700,"Transferencia Bancaria",REC-TEST-10000061,INF100,T001,10500014,Marta,Fernandez,"Ingeniero Informatico",20,7,9,24,40,Reprobado
10000061,Andres,Vargas,Ramirez,andres.vargas.10000061@test.com,M,Espana,Beni,"Ingenieria Informatica",700,"Transferencia Bancaria",REC-TEST-10000061,LIN100,T001,10500015,Jorge,Sanchez,"Licenciado en Filologia",28,33,25,20,78,Aprobado
10000062,Maria,Fernandez,Garcia,maria.fernandez.10000062@test.com,F,Espana,Potosi,"Ingenieria en Redes",700,PayPal,REC-TEST-10000062,MAT100,M001,10500000,Maria,Rodriguez,"Licenciado en Matematicas",37,11,16,21,48,Reprobado
10000062,Maria,Fernandez,Garcia,maria.fernandez.10000062@test.com,F,Espana,Potosi,"Ingenieria en Redes",700,PayPal,REC-TEST-10000062,FIS100,M001,10500001,Fernando,Garcia,Fisico,11,31,18,28,77,Aprobado
10000062,Maria,Fernandez,Garcia,maria.fernandez.10000062@test.com,F,Espana,Potosi,"Ingenieria en Redes",700,PayPal,REC-TEST-10000062,INF100,M001,10500002,Pedro,Lopez,"Ingeniero Informatico",15,15,9,16,40,Reprobado
10000062,Maria,Fernandez,Garcia,maria.fernandez.10000062@test.com,F,Espana,Potosi,"Ingenieria en Redes",700,PayPal,REC-TEST-10000062,LIN100,M001,10500003,Pedro,Sanchez,"Licenciado en Filologia",30,29,22,29,80,Aprobado
10000063,Fernando,Rojas,Torres,fernando.rojas.10000063@test.com,M,"Don Bosco",Cochabamba,"Ingenieria de Sistemas",700,PayPal,REC-TEST-10000063,MAT100,M002,10500004,Ricardo,Lopez,"Licenciado en Matematicas",21,6,28,23,57,Reprobado
10000063,Fernando,Rojas,Torres,fernando.rojas.10000063@test.com,M,"Don Bosco",Cochabamba,"Ingenieria de Sistemas",700,PayPal,REC-TEST-10000063,FIS100,M002,10500005,Jorge,Perez,Fisico,25,22,22,9,53,Reprobado
10000063,Fernando,Rojas,Torres,fernando.rojas.10000063@test.com,M,"Don Bosco",Cochabamba,"Ingenieria de Sistemas",700,PayPal,REC-TEST-10000063,INF100,M002,10500006,Carlos,Sanchez,"Ingeniero Informatico",24,16,27,9,52,Reprobado
10000063,Fernando,Rojas,Torres,fernando.rojas.10000063@test.com,M,"Don Bosco",Cochabamba,"Ingenieria de Sistemas",700,PayPal,REC-TEST-10000063,LIN100,M002,10500007,Jorge,Gomez,"Licenciado en Filologia",33,23,15,13,51,Reprobado
10000064,Juan,Fernandez,Rodriguez,juan.fernandez.10000064@test.com,M,Espana,Oruro,"Ingenieria en Redes",700,"Stripe (Tarjetas)",REC-TEST-10000064,MAT100,M002,10500004,Ricardo,Lopez,"Licenciado en Matematicas",21,28,10,5,43,Reprobado
10000064,Juan,Fernandez,Rodriguez,juan.fernandez.10000064@test.com,M,Espana,Oruro,"Ingenieria en Redes",700,"Stripe (Tarjetas)",REC-TEST-10000064,FIS100,M002,10500005,Jorge,Perez,Fisico,25,4,17,11,32,Reprobado
10000064,Juan,Fernandez,Rodriguez,juan.fernandez.10000064@test.com,M,Espana,Oruro,"Ingenieria en Redes",700,"Stripe (Tarjetas)",REC-TEST-10000064,INF100,M002,10500006,Carlos,Sanchez,"Ingeniero Informatico",24,13,4,5,22,Reprobado
10000064,Juan,Fernandez,Rodriguez,juan.fernandez.10000064@test.com,M,Espana,Oruro,"Ingenieria en Redes",700,"Stripe (Tarjetas)",REC-TEST-10000064,LIN100,M002,10500007,Jorge,Gomez,"Licenciado en Filologia",33,7,11,14,32,Reprobado
10000065,Sofia,Fernandez,Perez,sofia.fernandez.10000065@test.com,F,"Domingo Savio",Sucre,"Ingenieria de Sistemas",700,PayPal,REC-TEST-10000065,MAT100,M001,10500000,Maria,Rodriguez,"Licenciado en Matematicas",37,32,8,25,65,Aprobado
10000065,Sofia,Fernandez,Perez,sofia.fernandez.10000065@test.com,F,"Domingo Savio",Sucre,"Ingenieria de Sistemas",700,PayPal,REC-TEST-10000065,FIS100,M001,10500001,Fernando,Garcia,Fisico,11,9,24,32,65,Aprobado
10000065,Sofia,Fernandez,Perez,sofia.fernandez.10000065@test.com,F,"Domingo Savio",Sucre,"Ingenieria de Sistemas",700,PayPal,REC-TEST-10000065,INF100,M001,10500002,Pedro,Lopez,"Ingeniero Informatico",15,24,25,19,68,Aprobado
10000065,Sofia,Fernandez,Perez,sofia.fernandez.10000065@test.com,F,"Domingo Savio",Sucre,"Ingenieria de Sistemas",700,PayPal,REC-TEST-10000065,LIN100,M001,10500003,Pedro,Sanchez,"Licenciado en Filologia",30,8,3,12,23,Reprobado
10000066,Fernando,Perez,Martinez,fernando.perez.10000066@test.com,M,Marista,Cochabamba,"Ingenieria Informatica",700,PayPal,REC-TEST-10000066,MAT100,M001,10500000,Maria,Rodriguez,"Licenciado en Matematicas",37,22,23,26,71,Aprobado
10000066,Fernando,Perez,Martinez,fernando.perez.10000066@test.com,M,Marista,Cochabamba,"Ingenieria Informatica",700,PayPal,REC-TEST-10000066,FIS100,M001,10500001,Fernando,Garcia,Fisico,11,28,0,25,53,Reprobado
10000066,Fernando,Perez,Martinez,fernando.perez.10000066@test.com,M,Marista,Cochabamba,"Ingenieria Informatica",700,PayPal,REC-TEST-10000066,INF100,M001,10500002,Pedro,Lopez,"Ingeniero Informatico",15,33,10,32,75,Aprobado
10000066,Fernando,Perez,Martinez,fernando.perez.10000066@test.com,M,Marista,Cochabamba,"Ingenieria Informatica",700,PayPal,REC-TEST-10000066,LIN100,M001,10500003,Pedro,Sanchez,"Licenciado en Filologia",30,29,21,7,57,Reprobado
10000067,Gabriela,Gomez,Lopez,gabriela.gomez.10000067@test.com,F,"Don Bosco",Cochabamba,"Ingenieria Informatica",700,"Transferencia Bancaria",REC-TEST-10000067,MAT100,T001,10500012,Andres,Gomez,"Licenciado en Matematicas",34,9,14,25,48,Reprobado
10000067,Gabriela,Gomez,Lopez,gabriela.gomez.10000067@test.com,F,"Don Bosco",Cochabamba,"Ingenieria Informatica",700,"Transferencia Bancaria",REC-TEST-10000067,FIS100,T001,10500013,Sofia,Rojas,Fisico,40,16,0,3,19,Reprobado
10000067,Gabriela,Gomez,Lopez,gabriela.gomez.10000067@test.com,F,"Don Bosco",Cochabamba,"Ingenieria Informatica",700,"Transferencia Bancaria",REC-TEST-10000067,INF100,T001,10500014,Marta,Fernandez,"Ingeniero Informatico",20,8,22,30,60,Aprobado
10000067,Gabriela,Gomez,Lopez,gabriela.gomez.10000067@test.com,F,"Don Bosco",Cochabamba,"Ingenieria Informatica",700,"Transferencia Bancaria",REC-TEST-10000067,LIN100,T001,10500015,Jorge,Sanchez,"Licenciado en Filologia",28,17,33,0,50,Reprobado
10000068,Luis,Rojas,Sanchez,luis.rojas.10000068@test.com,M,Marista,Beni,"Ingenieria de Sistemas",700,"Stripe (Tarjetas)",REC-TEST-10000068,MAT100,M001,10500000,Maria,Rodriguez,"Licenciado en Matematicas",37,15,33,31,79,Aprobado
10000068,Luis,Rojas,Sanchez,luis.rojas.10000068@test.com,M,Marista,Beni,"Ingenieria de Sistemas",700,"Stripe (Tarjetas)",REC-TEST-10000068,FIS100,M001,10500001,Fernando,Garcia,Fisico,11,11,28,29,68,Aprobado
10000068,Luis,Rojas,Sanchez,luis.rojas.10000068@test.com,M,Marista,Beni,"Ingenieria de Sistemas",700,"Stripe (Tarjetas)",REC-TEST-10000068,INF100,M001,10500002,Pedro,Lopez,"Ingeniero Informatico",15,24,32,1,57,Reprobado
10000068,Luis,Rojas,Sanchez,luis.rojas.10000068@test.com,M,Marista,Beni,"Ingenieria de Sistemas",700,"Stripe (Tarjetas)",REC-TEST-10000068,LIN100,M001,10500003,Pedro,Sanchez,"Licenciado en Filologia",30,27,9,24,60,Aprobado
10000069,Valeria,Martinez,Lopez,valeria.martinez.10000069@test.com,F,Espana,"Santa Cruz","Ingenieria de Sistemas",700,"Transferencia Bancaria",REC-TEST-10000069,MAT100,T001,10500012,Andres,Gomez,"Licenciado en Matematicas",34,18,7,32,57,Reprobado
10000069,Valeria,Martinez,Lopez,valeria.martinez.10000069@test.com,F,Espana,"Santa Cruz","Ingenieria de Sistemas",700,"Transferencia Bancaria",REC-TEST-10000069,FIS100,T001,10500013,Sofia,Rojas,Fisico,40,21,7,3,31,Reprobado
10000069,Valeria,Martinez,Lopez,valeria.martinez.10000069@test.com,F,Espana,"Santa Cruz","Ingenieria de Sistemas",700,"Transferencia Bancaria",REC-TEST-10000069,INF100,T001,10500014,Marta,Fernandez,"Ingeniero Informatico",20,7,22,25,54,Reprobado
10000069,Valeria,Martinez,Lopez,valeria.martinez.10000069@test.com,F,Espana,"Santa Cruz","Ingenieria de Sistemas",700,"Transferencia Bancaria",REC-TEST-10000069,LIN100,T001,10500015,Jorge,Sanchez,"Licenciado en Filologia",28,15,6,14,35,Reprobado
10000070,Luis,Lopez,Rojas,luis.lopez.10000070@test.com,M,Uboldi,Cochabamba,"Ingenieria de Sistemas",700,PayPal,REC-TEST-10000070,MAT100,T001,10500012,Andres,Gomez,"Licenciado en Matematicas",34,5,16,27,48,Reprobado
10000070,Luis,Lopez,Rojas,luis.lopez.10000070@test.com,M,Uboldi,Cochabamba,"Ingenieria de Sistemas",700,PayPal,REC-TEST-10000070,FIS100,T001,10500013,Sofia,Rojas,Fisico,40,28,17,1,46,Reprobado
10000070,Luis,Lopez,Rojas,luis.lopez.10000070@test.com,M,Uboldi,Cochabamba,"Ingenieria de Sistemas",700,PayPal,REC-TEST-10000070,INF100,T001,10500014,Marta,Fernandez,"Ingeniero Informatico",20,14,11,25,50,Reprobado
10000070,Luis,Lopez,Rojas,luis.lopez.10000070@test.com,M,Uboldi,Cochabamba,"Ingenieria de Sistemas",700,PayPal,REC-TEST-10000070,LIN100,T001,10500015,Jorge,Sanchez,"Licenciado en Filologia",28,24,15,28,67,Aprobado
10000071,Lucia,Perez,Fernandez,lucia.perez.10000071@test.com,F,"Nacional Florida","Santa Cruz","Ingenieria de Sistemas",700,"Transferencia Bancaria",REC-TEST-10000071,MAT100,M002,10500004,Ricardo,Lopez,"Licenciado en Matematicas",21,24,6,28,58,Reprobado
10000071,Lucia,Perez,Fernandez,lucia.perez.10000071@test.com,F,"Nacional Florida","Santa Cruz","Ingenieria de Sistemas",700,"Transferencia Bancaria",REC-TEST-10000071,FIS100,M002,10500005,Jorge,Perez,Fisico,25,28,2,27,57,Reprobado
10000071,Lucia,Perez,Fernandez,lucia.perez.10000071@test.com,F,"Nacional Florida","Santa Cruz","Ingenieria de Sistemas",700,"Transferencia Bancaria",REC-TEST-10000071,INF100,M002,10500006,Carlos,Sanchez,"Ingeniero Informatico",24,26,31,27,84,Aprobado
10000071,Lucia,Perez,Fernandez,lucia.perez.10000071@test.com,F,"Nacional Florida","Santa Cruz","Ingenieria de Sistemas",700,"Transferencia Bancaria",REC-TEST-10000071,LIN100,M002,10500007,Jorge,Gomez,"Licenciado en Filologia",33,3,21,5,29,Reprobado
10000072,Pedro,Sanchez,Lopez,pedro.sanchez.10000072@test.com,M,"Nacional Florida",Pando,"Ingenieria Informatica",700,PayPal,REC-TEST-10000072,MAT100,T001,10500012,Andres,Gomez,"Licenciado en Matematicas",34,7,27,24,58,Reprobado
10000072,Pedro,Sanchez,Lopez,pedro.sanchez.10000072@test.com,M,"Nacional Florida",Pando,"Ingenieria Informatica",700,PayPal,REC-TEST-10000072,FIS100,T001,10500013,Sofia,Rojas,Fisico,40,20,6,6,32,Reprobado
10000072,Pedro,Sanchez,Lopez,pedro.sanchez.10000072@test.com,M,"Nacional Florida",Pando,"Ingenieria Informatica",700,PayPal,REC-TEST-10000072,INF100,T001,10500014,Marta,Fernandez,"Ingeniero Informatico",20,0,31,27,58,Reprobado
10000072,Pedro,Sanchez,Lopez,pedro.sanchez.10000072@test.com,M,"Nacional Florida",Pando,"Ingenieria Informatica",700,PayPal,REC-TEST-10000072,LIN100,T001,10500015,Jorge,Sanchez,"Licenciado en Filologia",28,2,6,19,27,Reprobado
10000073,Carlos,Rojas,Rojas,carlos.rojas.10000073@test.com,M,"La Salle","Santa Cruz","Ingenieria en Redes",700,"Stripe (Tarjetas)",REC-TEST-10000073,MAT100,M003,10500008,Gabriela,Garcia,"Licenciado en Matematicas",30,26,5,32,63,Aprobado
10000073,Carlos,Rojas,Rojas,carlos.rojas.10000073@test.com,M,"La Salle","Santa Cruz","Ingenieria en Redes",700,"Stripe (Tarjetas)",REC-TEST-10000073,FIS100,M003,10500009,Miguel,Perez,Fisico,35,4,20,30,54,Reprobado
10000073,Carlos,Rojas,Rojas,carlos.rojas.10000073@test.com,M,"La Salle","Santa Cruz","Ingenieria en Redes",700,"Stripe (Tarjetas)",REC-TEST-10000073,INF100,M003,10500010,Valeria,Vargas,"Ingeniero Informatico",40,29,7,21,57,Reprobado
10000073,Carlos,Rojas,Rojas,carlos.rojas.10000073@test.com,M,"La Salle","Santa Cruz","Ingenieria en Redes",700,"Stripe (Tarjetas)",REC-TEST-10000073,LIN100,M003,10500011,Paula,Sanchez,"Licenciado en Filologia",30,28,15,25,68,Aprobado
10000074,Fernando,Sanchez,Rodriguez,fernando.sanchez.10000074@test.com,M,"Don Bosco",Beni,"Ingenieria de Sistemas",700,"Transferencia Bancaria",REC-TEST-10000074,MAT100,T001,10500012,Andres,Gomez,"Licenciado en Matematicas",34,24,30,31,85,Aprobado
10000074,Fernando,Sanchez,Rodriguez,fernando.sanchez.10000074@test.com,M,"Don Bosco",Beni,"Ingenieria de Sistemas",700,"Transferencia Bancaria",REC-TEST-10000074,FIS100,T001,10500013,Sofia,Rojas,Fisico,40,12,14,31,57,Reprobado
10000074,Fernando,Sanchez,Rodriguez,fernando.sanchez.10000074@test.com,M,"Don Bosco",Beni,"Ingenieria de Sistemas",700,"Transferencia Bancaria",REC-TEST-10000074,INF100,T001,10500014,Marta,Fernandez,"Ingeniero Informatico",20,17,26,11,54,Reprobado
10000074,Fernando,Sanchez,Rodriguez,fernando.sanchez.10000074@test.com,M,"Don Bosco",Beni,"Ingenieria de Sistemas",700,"Transferencia Bancaria",REC-TEST-10000074,LIN100,T001,10500015,Jorge,Sanchez,"Licenciado en Filologia",28,6,29,8,43,Reprobado
10000075,Sofia,Ramirez,Garcia,sofia.ramirez.10000075@test.com,F,Evangelico,Cochabamba,"Ingenieria en Redes",700,"Transferencia Bancaria",REC-TEST-10000075,MAT100,T001,10500012,Andres,Gomez,"Licenciado en Matematicas",34,18,30,15,63,Aprobado
10000075,Sofia,Ramirez,Garcia,sofia.ramirez.10000075@test.com,F,Evangelico,Cochabamba,"Ingenieria en Redes",700,"Transferencia Bancaria",REC-TEST-10000075,FIS100,T001,10500013,Sofia,Rojas,Fisico,40,15,16,14,45,Reprobado
10000075,Sofia,Ramirez,Garcia,sofia.ramirez.10000075@test.com,F,Evangelico,Cochabamba,"Ingenieria en Redes",700,"Transferencia Bancaria",REC-TEST-10000075,INF100,T001,10500014,Marta,Fernandez,"Ingeniero Informatico",20,23,20,31,74,Aprobado
10000075,Sofia,Ramirez,Garcia,sofia.ramirez.10000075@test.com,F,Evangelico,Cochabamba,"Ingenieria en Redes",700,"Transferencia Bancaria",REC-TEST-10000075,LIN100,T001,10500015,Jorge,Sanchez,"Licenciado en Filologia",28,22,8,2,32,Reprobado
10000076,Gabriela,Martinez,Torres,gabriela.martinez.10000076@test.com,F,"Nacional Florida",Cochabamba,"Ingenieria en Redes",700,"Transferencia Bancaria",REC-TEST-10000076,MAT100,T001,10500012,Andres,Gomez,"Licenciado en Matematicas",34,16,27,18,61,Aprobado
10000076,Gabriela,Martinez,Torres,gabriela.martinez.10000076@test.com,F,"Nacional Florida",Cochabamba,"Ingenieria en Redes",700,"Transferencia Bancaria",REC-TEST-10000076,FIS100,T001,10500013,Sofia,Rojas,Fisico,40,11,4,25,40,Reprobado
10000076,Gabriela,Martinez,Torres,gabriela.martinez.10000076@test.com,F,"Nacional Florida",Cochabamba,"Ingenieria en Redes",700,"Transferencia Bancaria",REC-TEST-10000076,INF100,T001,10500014,Marta,Fernandez,"Ingeniero Informatico",20,33,4,27,64,Aprobado
10000076,Gabriela,Martinez,Torres,gabriela.martinez.10000076@test.com,F,"Nacional Florida",Cochabamba,"Ingenieria en Redes",700,"Transferencia Bancaria",REC-TEST-10000076,LIN100,T001,10500015,Jorge,Sanchez,"Licenciado en Filologia",28,14,24,6,44,Reprobado
10000077,Ana,Martinez,Rodriguez,ana.martinez.10000077@test.com,F,"Domingo Savio",Tarija,"Ingenieria de Sistemas",700,"Transferencia Bancaria",REC-TEST-10000077,MAT100,N001,10500016,Maria,Fernandez,"Licenciado en Matematicas",16,20,17,13,50,Reprobado
10000077,Ana,Martinez,Rodriguez,ana.martinez.10000077@test.com,F,"Domingo Savio",Tarija,"Ingenieria de Sistemas",700,"Transferencia Bancaria",REC-TEST-10000077,FIS100,N001,10500017,Carlos,Gomez,Fisico,27,15,6,13,34,Reprobado
10000077,Ana,Martinez,Rodriguez,ana.martinez.10000077@test.com,F,"Domingo Savio",Tarija,"Ingenieria de Sistemas",700,"Transferencia Bancaria",REC-TEST-10000077,INF100,N001,10500018,Paula,Rojas,"Ingeniero Informatico",20,26,4,23,53,Reprobado
10000077,Ana,Martinez,Rodriguez,ana.martinez.10000077@test.com,F,"Domingo Savio",Tarija,"Ingenieria de Sistemas",700,"Transferencia Bancaria",REC-TEST-10000077,LIN100,N001,10500019,Elena,Martinez,"Licenciado en Filologia",27,13,32,24,69,Aprobado
10000078,Carmen,Ramirez,Fernandez,carmen.ramirez.10000078@test.com,F,"Domingo Savio",Beni,"Ingenieria de Sistemas",700,"Stripe (Tarjetas)",REC-TEST-10000078,MAT100,M001,10500000,Maria,Rodriguez,"Licenciado en Matematicas",37,31,12,18,61,Aprobado
10000078,Carmen,Ramirez,Fernandez,carmen.ramirez.10000078@test.com,F,"Domingo Savio",Beni,"Ingenieria de Sistemas",700,"Stripe (Tarjetas)",REC-TEST-10000078,FIS100,M001,10500001,Fernando,Garcia,Fisico,11,3,1,21,25,Reprobado
10000078,Carmen,Ramirez,Fernandez,carmen.ramirez.10000078@test.com,F,"Domingo Savio",Beni,"Ingenieria de Sistemas",700,"Stripe (Tarjetas)",REC-TEST-10000078,INF100,M001,10500002,Pedro,Lopez,"Ingeniero Informatico",15,14,26,3,43,Reprobado
10000078,Carmen,Ramirez,Fernandez,carmen.ramirez.10000078@test.com,F,"Domingo Savio",Beni,"Ingenieria de Sistemas",700,"Stripe (Tarjetas)",REC-TEST-10000078,LIN100,M001,10500003,Pedro,Sanchez,"Licenciado en Filologia",30,21,30,28,79,Aprobado
10000079,Pedro,Perez,Lopez,pedro.perez.10000079@test.com,M,Espana,Oruro,"Ingenieria Informatica",700,PayPal,REC-TEST-10000079,MAT100,M001,10500000,Maria,Rodriguez,"Licenciado en Matematicas",37,18,22,31,71,Aprobado
10000079,Pedro,Perez,Lopez,pedro.perez.10000079@test.com,M,Espana,Oruro,"Ingenieria Informatica",700,PayPal,REC-TEST-10000079,FIS100,M001,10500001,Fernando,Garcia,Fisico,11,15,19,34,68,Aprobado
10000079,Pedro,Perez,Lopez,pedro.perez.10000079@test.com,M,Espana,Oruro,"Ingenieria Informatica",700,PayPal,REC-TEST-10000079,INF100,M001,10500002,Pedro,Lopez,"Ingeniero Informatico",15,15,16,24,55,Reprobado
10000079,Pedro,Perez,Lopez,pedro.perez.10000079@test.com,M,Espana,Oruro,"Ingenieria Informatica",700,PayPal,REC-TEST-10000079,LIN100,M001,10500003,Pedro,Sanchez,"Licenciado en Filologia",30,2,24,32,58,Reprobado
10000080,Pedro,Rodriguez,Garcia,pedro.rodriguez.10000080@test.com,M,Espana,Cochabamba,"Ingenieria Informatica",700,PayPal,REC-TEST-10000080,MAT100,T001,10500012,Andres,Gomez,"Licenciado en Matematicas",34,21,21,4,46,Reprobado
10000080,Pedro,Rodriguez,Garcia,pedro.rodriguez.10000080@test.com,M,Espana,Cochabamba,"Ingenieria Informatica",700,PayPal,REC-TEST-10000080,FIS100,T001,10500013,Sofia,Rojas,Fisico,40,2,18,17,37,Reprobado
10000080,Pedro,Rodriguez,Garcia,pedro.rodriguez.10000080@test.com,M,Espana,Cochabamba,"Ingenieria Informatica",700,PayPal,REC-TEST-10000080,INF100,T001,10500014,Marta,Fernandez,"Ingeniero Informatico",20,0,15,25,40,Reprobado
10000080,Pedro,Rodriguez,Garcia,pedro.rodriguez.10000080@test.com,M,Espana,Cochabamba,"Ingenieria Informatica",700,PayPal,REC-TEST-10000080,LIN100,T001,10500015,Jorge,Sanchez,"Licenciado en Filologia",28,25,4,29,58,Reprobado
10000081,Laura,Sanchez,Garcia,laura.sanchez.10000081@test.com,F,Marista,Cochabamba,"Ingenieria en Redes",700,"Transferencia Bancaria",REC-TEST-10000081,MAT100,M002,10500004,Ricardo,Lopez,"Licenciado en Matematicas",21,10,10,5,25,Reprobado
10000081,Laura,Sanchez,Garcia,laura.sanchez.10000081@test.com,F,Marista,Cochabamba,"Ingenieria en Redes",700,"Transferencia Bancaria",REC-TEST-10000081,FIS100,M002,10500005,Jorge,Perez,Fisico,25,19,6,19,44,Reprobado
10000081,Laura,Sanchez,Garcia,laura.sanchez.10000081@test.com,F,Marista,Cochabamba,"Ingenieria en Redes",700,"Transferencia Bancaria",REC-TEST-10000081,INF100,M002,10500006,Carlos,Sanchez,"Ingeniero Informatico",24,2,18,20,40,Reprobado
10000081,Laura,Sanchez,Garcia,laura.sanchez.10000081@test.com,F,Marista,Cochabamba,"Ingenieria en Redes",700,"Transferencia Bancaria",REC-TEST-10000081,LIN100,M002,10500007,Jorge,Gomez,"Licenciado en Filologia",33,32,25,7,64,Aprobado
10000082,Maria,Gomez,Garcia,maria.gomez.10000082@test.com,F,"Nacional Florida","La Paz","Ingenieria de Sistemas",700,"Stripe (Tarjetas)",REC-TEST-10000082,MAT100,M002,10500004,Ricardo,Lopez,"Licenciado en Matematicas",21,2,20,7,29,Reprobado
10000082,Maria,Gomez,Garcia,maria.gomez.10000082@test.com,F,"Nacional Florida","La Paz","Ingenieria de Sistemas",700,"Stripe (Tarjetas)",REC-TEST-10000082,FIS100,M002,10500005,Jorge,Perez,Fisico,25,28,25,13,66,Aprobado
10000082,Maria,Gomez,Garcia,maria.gomez.10000082@test.com,F,"Nacional Florida","La Paz","Ingenieria de Sistemas",700,"Stripe (Tarjetas)",REC-TEST-10000082,INF100,M002,10500006,Carlos,Sanchez,"Ingeniero Informatico",24,33,0,19,52,Reprobado
10000082,Maria,Gomez,Garcia,maria.gomez.10000082@test.com,F,"Nacional Florida","La Paz","Ingenieria de Sistemas",700,"Stripe (Tarjetas)",REC-TEST-10000082,LIN100,M002,10500007,Jorge,Gomez,"Licenciado en Filologia",33,17,17,2,36,Reprobado
10000083,Roberto,Fernandez,Fernandez,roberto.fernandez.10000083@test.com,M,"La Salle",Pando,"Ingenieria Informatica",700,"Transferencia Bancaria",REC-TEST-10000083,MAT100,N001,10500016,Maria,Fernandez,"Licenciado en Matematicas",16,29,25,31,85,Aprobado
10000083,Roberto,Fernandez,Fernandez,roberto.fernandez.10000083@test.com,M,"La Salle",Pando,"Ingenieria Informatica",700,"Transferencia Bancaria",REC-TEST-10000083,FIS100,N001,10500017,Carlos,Gomez,Fisico,27,30,25,4,59,Reprobado
10000083,Roberto,Fernandez,Fernandez,roberto.fernandez.10000083@test.com,M,"La Salle",Pando,"Ingenieria Informatica",700,"Transferencia Bancaria",REC-TEST-10000083,INF100,N001,10500018,Paula,Rojas,"Ingeniero Informatico",20,15,22,12,49,Reprobado
10000083,Roberto,Fernandez,Fernandez,roberto.fernandez.10000083@test.com,M,"La Salle",Pando,"Ingenieria Informatica",700,"Transferencia Bancaria",REC-TEST-10000083,LIN100,N001,10500019,Elena,Martinez,"Licenciado en Filologia",27,24,8,3,35,Reprobado
10000084,Roberto,Sanchez,Lopez,roberto.sanchez.10000084@test.com,M,Evangelico,Pando,"Ingenieria de Sistemas",700,"Transferencia Bancaria",REC-TEST-10000084,MAT100,N001,10500016,Maria,Fernandez,"Licenciado en Matematicas",16,32,19,6,57,Reprobado
10000084,Roberto,Sanchez,Lopez,roberto.sanchez.10000084@test.com,M,Evangelico,Pando,"Ingenieria de Sistemas",700,"Transferencia Bancaria",REC-TEST-10000084,FIS100,N001,10500017,Carlos,Gomez,Fisico,27,5,26,28,59,Reprobado
10000084,Roberto,Sanchez,Lopez,roberto.sanchez.10000084@test.com,M,Evangelico,Pando,"Ingenieria de Sistemas",700,"Transferencia Bancaria",REC-TEST-10000084,INF100,N001,10500018,Paula,Rojas,"Ingeniero Informatico",20,14,7,32,53,Reprobado
10000084,Roberto,Sanchez,Lopez,roberto.sanchez.10000084@test.com,M,Evangelico,Pando,"Ingenieria de Sistemas",700,"Transferencia Bancaria",REC-TEST-10000084,LIN100,N001,10500019,Elena,Martinez,"Licenciado en Filologia",27,27,21,9,57,Reprobado
10000085,Diego,Sanchez,Vargas,diego.sanchez.10000085@test.com,M,"Don Bosco",Pando,"Ingenieria Informatica",700,"Transferencia Bancaria",REC-TEST-10000085,MAT100,N001,10500016,Maria,Fernandez,"Licenciado en Matematicas",16,26,3,20,49,Reprobado
10000085,Diego,Sanchez,Vargas,diego.sanchez.10000085@test.com,M,"Don Bosco",Pando,"Ingenieria Informatica",700,"Transferencia Bancaria",REC-TEST-10000085,FIS100,N001,10500017,Carlos,Gomez,Fisico,27,25,19,28,72,Aprobado
10000085,Diego,Sanchez,Vargas,diego.sanchez.10000085@test.com,M,"Don Bosco",Pando,"Ingenieria Informatica",700,"Transferencia Bancaria",REC-TEST-10000085,INF100,N001,10500018,Paula,Rojas,"Ingeniero Informatico",20,26,23,20,69,Aprobado
10000085,Diego,Sanchez,Vargas,diego.sanchez.10000085@test.com,M,"Don Bosco",Pando,"Ingenieria Informatica",700,"Transferencia Bancaria",REC-TEST-10000085,LIN100,N001,10500019,Elena,Martinez,"Licenciado en Filologia",27,11,5,25,41,Reprobado
10000086,Laura,Lopez,Ramirez,laura.lopez.10000086@test.com,F,Marista,Pando,"Ingenieria de Sistemas",700,PayPal,REC-TEST-10000086,MAT100,M001,10500000,Maria,Rodriguez,"Licenciado en Matematicas",37,5,20,30,55,Reprobado
10000086,Laura,Lopez,Ramirez,laura.lopez.10000086@test.com,F,Marista,Pando,"Ingenieria de Sistemas",700,PayPal,REC-TEST-10000086,FIS100,M001,10500001,Fernando,Garcia,Fisico,11,2,30,17,49,Reprobado
10000086,Laura,Lopez,Ramirez,laura.lopez.10000086@test.com,F,Marista,Pando,"Ingenieria de Sistemas",700,PayPal,REC-TEST-10000086,INF100,M001,10500002,Pedro,Lopez,"Ingeniero Informatico",15,2,23,34,59,Reprobado
10000086,Laura,Lopez,Ramirez,laura.lopez.10000086@test.com,F,Marista,Pando,"Ingenieria de Sistemas",700,PayPal,REC-TEST-10000086,LIN100,M001,10500003,Pedro,Sanchez,"Licenciado en Filologia",30,0,12,1,13,Reprobado
10000087,Gabriela,Lopez,Torres,gabriela.lopez.10000087@test.com,F,"La Salle",Tarija,"Ingenieria de Sistemas",700,"Transferencia Bancaria",REC-TEST-10000087,MAT100,M001,10500000,Maria,Rodriguez,"Licenciado en Matematicas",37,3,29,3,35,Reprobado
10000087,Gabriela,Lopez,Torres,gabriela.lopez.10000087@test.com,F,"La Salle",Tarija,"Ingenieria de Sistemas",700,"Transferencia Bancaria",REC-TEST-10000087,FIS100,M001,10500001,Fernando,Garcia,Fisico,11,21,29,11,61,Aprobado
10000087,Gabriela,Lopez,Torres,gabriela.lopez.10000087@test.com,F,"La Salle",Tarija,"Ingenieria de Sistemas",700,"Transferencia Bancaria",REC-TEST-10000087,INF100,M001,10500002,Pedro,Lopez,"Ingeniero Informatico",15,7,9,4,20,Reprobado
10000087,Gabriela,Lopez,Torres,gabriela.lopez.10000087@test.com,F,"La Salle",Tarija,"Ingenieria de Sistemas",700,"Transferencia Bancaria",REC-TEST-10000087,LIN100,M001,10500003,Pedro,Sanchez,"Licenciado en Filologia",30,13,14,10,37,Reprobado
10000088,Jose,Rojas,Rodriguez,jose.rojas.10000088@test.com,M,"Don Bosco",Beni,"Ingenieria en Redes",700,PayPal,REC-TEST-10000088,MAT100,N001,10500016,Maria,Fernandez,"Licenciado en Matematicas",16,15,16,11,42,Reprobado
10000088,Jose,Rojas,Rodriguez,jose.rojas.10000088@test.com,M,"Don Bosco",Beni,"Ingenieria en Redes",700,PayPal,REC-TEST-10000088,FIS100,N001,10500017,Carlos,Gomez,Fisico,27,22,22,5,49,Reprobado
10000088,Jose,Rojas,Rodriguez,jose.rojas.10000088@test.com,M,"Don Bosco",Beni,"Ingenieria en Redes",700,PayPal,REC-TEST-10000088,INF100,N001,10500018,Paula,Rojas,"Ingeniero Informatico",20,19,23,6,48,Reprobado
10000088,Jose,Rojas,Rodriguez,jose.rojas.10000088@test.com,M,"Don Bosco",Beni,"Ingenieria en Redes",700,PayPal,REC-TEST-10000088,LIN100,N001,10500019,Elena,Martinez,"Licenciado en Filologia",27,13,1,20,34,Reprobado
10000089,Ana,Sanchez,Torres,ana.sanchez.10000089@test.com,F,Uboldi,Potosi,"Ingenieria de Sistemas",700,PayPal,REC-TEST-10000089,MAT100,T001,10500012,Andres,Gomez,"Licenciado en Matematicas",34,14,0,14,28,Reprobado
10000089,Ana,Sanchez,Torres,ana.sanchez.10000089@test.com,F,Uboldi,Potosi,"Ingenieria de Sistemas",700,PayPal,REC-TEST-10000089,FIS100,T001,10500013,Sofia,Rojas,Fisico,40,30,27,21,78,Aprobado
10000089,Ana,Sanchez,Torres,ana.sanchez.10000089@test.com,F,Uboldi,Potosi,"Ingenieria de Sistemas",700,PayPal,REC-TEST-10000089,INF100,T001,10500014,Marta,Fernandez,"Ingeniero Informatico",20,17,5,33,55,Reprobado
10000089,Ana,Sanchez,Torres,ana.sanchez.10000089@test.com,F,Uboldi,Potosi,"Ingenieria de Sistemas",700,PayPal,REC-TEST-10000089,LIN100,T001,10500015,Jorge,Sanchez,"Licenciado en Filologia",28,26,7,2,35,Reprobado
10000090,Marta,Garcia,Ramirez,marta.garcia.10000090@test.com,F,"Domingo Savio",Beni,"Ingenieria Informatica",700,PayPal,REC-TEST-10000090,MAT100,T001,10500012,Andres,Gomez,"Licenciado en Matematicas",34,14,33,24,71,Aprobado
10000090,Marta,Garcia,Ramirez,marta.garcia.10000090@test.com,F,"Domingo Savio",Beni,"Ingenieria Informatica",700,PayPal,REC-TEST-10000090,FIS100,T001,10500013,Sofia,Rojas,Fisico,40,29,13,7,49,Reprobado
10000090,Marta,Garcia,Ramirez,marta.garcia.10000090@test.com,F,"Domingo Savio",Beni,"Ingenieria Informatica",700,PayPal,REC-TEST-10000090,INF100,T001,10500014,Marta,Fernandez,"Ingeniero Informatico",20,3,10,19,32,Reprobado
10000090,Marta,Garcia,Ramirez,marta.garcia.10000090@test.com,F,"Domingo Savio",Beni,"Ingenieria Informatica",700,PayPal,REC-TEST-10000090,LIN100,T001,10500015,Jorge,Sanchez,"Licenciado en Filologia",28,18,16,12,46,Reprobado
10000091,Ana,Perez,Fernandez,ana.perez.10000091@test.com,F,"Domingo Savio","Santa Cruz","Ingenieria de Sistemas",700,"Transferencia Bancaria",REC-TEST-10000091,MAT100,N001,10500016,Maria,Fernandez,"Licenciado en Matematicas",16,12,20,12,44,Reprobado
10000091,Ana,Perez,Fernandez,ana.perez.10000091@test.com,F,"Domingo Savio","Santa Cruz","Ingenieria de Sistemas",700,"Transferencia Bancaria",REC-TEST-10000091,FIS100,N001,10500017,Carlos,Gomez,Fisico,27,14,5,8,27,Reprobado
10000091,Ana,Perez,Fernandez,ana.perez.10000091@test.com,F,"Domingo Savio","Santa Cruz","Ingenieria de Sistemas",700,"Transferencia Bancaria",REC-TEST-10000091,INF100,N001,10500018,Paula,Rojas,"Ingeniero Informatico",20,9,1,5,15,Reprobado
10000091,Ana,Perez,Fernandez,ana.perez.10000091@test.com,F,"Domingo Savio","Santa Cruz","Ingenieria de Sistemas",700,"Transferencia Bancaria",REC-TEST-10000091,LIN100,N001,10500019,Elena,Martinez,"Licenciado en Filologia",27,4,7,32,43,Reprobado
10000092,Paula,Garcia,Sanchez,paula.garcia.10000092@test.com,F,Marista,Pando,"Ingenieria en Redes",700,PayPal,REC-TEST-10000092,MAT100,M003,10500008,Gabriela,Garcia,"Licenciado en Matematicas",30,23,27,16,66,Aprobado
10000092,Paula,Garcia,Sanchez,paula.garcia.10000092@test.com,F,Marista,Pando,"Ingenieria en Redes",700,PayPal,REC-TEST-10000092,FIS100,M003,10500009,Miguel,Perez,Fisico,35,23,26,4,53,Reprobado
10000092,Paula,Garcia,Sanchez,paula.garcia.10000092@test.com,F,Marista,Pando,"Ingenieria en Redes",700,PayPal,REC-TEST-10000092,INF100,M003,10500010,Valeria,Vargas,"Ingeniero Informatico",40,9,10,28,47,Reprobado
10000092,Paula,Garcia,Sanchez,paula.garcia.10000092@test.com,F,Marista,Pando,"Ingenieria en Redes",700,PayPal,REC-TEST-10000092,LIN100,M003,10500011,Paula,Sanchez,"Licenciado en Filologia",30,31,31,11,73,Aprobado
10000093,Carlos,Torres,Garcia,carlos.torres.10000093@test.com,M,"Domingo Savio",Pando,"Ingenieria de Sistemas",700,PayPal,REC-TEST-10000093,MAT100,M002,10500004,Ricardo,Lopez,"Licenciado en Matematicas",21,2,2,26,30,Reprobado
10000093,Carlos,Torres,Garcia,carlos.torres.10000093@test.com,M,"Domingo Savio",Pando,"Ingenieria de Sistemas",700,PayPal,REC-TEST-10000093,FIS100,M002,10500005,Jorge,Perez,Fisico,25,23,33,15,71,Aprobado
10000093,Carlos,Torres,Garcia,carlos.torres.10000093@test.com,M,"Domingo Savio",Pando,"Ingenieria de Sistemas",700,PayPal,REC-TEST-10000093,INF100,M002,10500006,Carlos,Sanchez,"Ingeniero Informatico",24,30,16,0,46,Reprobado
10000093,Carlos,Torres,Garcia,carlos.torres.10000093@test.com,M,"Domingo Savio",Pando,"Ingenieria de Sistemas",700,PayPal,REC-TEST-10000093,LIN100,M002,10500007,Jorge,Gomez,"Licenciado en Filologia",33,26,18,3,47,Reprobado
10000094,Pedro,Fernandez,Ramirez,pedro.fernandez.10000094@test.com,M,Espana,"Santa Cruz","Ingenieria en Redes",700,"Transferencia Bancaria",REC-TEST-10000094,MAT100,N001,10500016,Maria,Fernandez,"Licenciado en Matematicas",16,9,25,7,41,Reprobado
10000094,Pedro,Fernandez,Ramirez,pedro.fernandez.10000094@test.com,M,Espana,"Santa Cruz","Ingenieria en Redes",700,"Transferencia Bancaria",REC-TEST-10000094,FIS100,N001,10500017,Carlos,Gomez,Fisico,27,29,4,21,54,Reprobado
10000094,Pedro,Fernandez,Ramirez,pedro.fernandez.10000094@test.com,M,Espana,"Santa Cruz","Ingenieria en Redes",700,"Transferencia Bancaria",REC-TEST-10000094,INF100,N001,10500018,Paula,Rojas,"Ingeniero Informatico",20,10,6,33,49,Reprobado
10000094,Pedro,Fernandez,Ramirez,pedro.fernandez.10000094@test.com,M,Espana,"Santa Cruz","Ingenieria en Redes",700,"Transferencia Bancaria",REC-TEST-10000094,LIN100,N001,10500019,Elena,Martinez,"Licenciado en Filologia",27,18,30,27,75,Aprobado
10000095,Fernando,Rojas,Lopez,fernando.rojas.10000095@test.com,M,Evangelico,Pando,"Ingenieria de Sistemas",700,PayPal,REC-TEST-10000095,MAT100,M003,10500008,Gabriela,Garcia,"Licenciado en Matematicas",30,26,19,1,46,Reprobado
10000095,Fernando,Rojas,Lopez,fernando.rojas.10000095@test.com,M,Evangelico,Pando,"Ingenieria de Sistemas",700,PayPal,REC-TEST-10000095,FIS100,M003,10500009,Miguel,Perez,Fisico,35,31,21,28,80,Aprobado
10000095,Fernando,Rojas,Lopez,fernando.rojas.10000095@test.com,M,Evangelico,Pando,"Ingenieria de Sistemas",700,PayPal,REC-TEST-10000095,INF100,M003,10500010,Valeria,Vargas,"Ingeniero Informatico",40,28,28,9,65,Aprobado
10000095,Fernando,Rojas,Lopez,fernando.rojas.10000095@test.com,M,Evangelico,Pando,"Ingenieria de Sistemas",700,PayPal,REC-TEST-10000095,LIN100,M003,10500011,Paula,Sanchez,"Licenciado en Filologia",30,9,8,16,33,Reprobado
10000096,Pedro,Rojas,Lopez,pedro.rojas.10000096@test.com,M,Espana,Sucre,"Ingenieria de Sistemas",700,"Transferencia Bancaria",REC-TEST-10000096,MAT100,T001,10500012,Andres,Gomez,"Licenciado en Matematicas",34,25,1,14,40,Reprobado
10000096,Pedro,Rojas,Lopez,pedro.rojas.10000096@test.com,M,Espana,Sucre,"Ingenieria de Sistemas",700,"Transferencia Bancaria",REC-TEST-10000096,FIS100,T001,10500013,Sofia,Rojas,Fisico,40,33,29,7,69,Aprobado
10000096,Pedro,Rojas,Lopez,pedro.rojas.10000096@test.com,M,Espana,Sucre,"Ingenieria de Sistemas",700,"Transferencia Bancaria",REC-TEST-10000096,INF100,T001,10500014,Marta,Fernandez,"Ingeniero Informatico",20,0,3,9,12,Reprobado
10000096,Pedro,Rojas,Lopez,pedro.rojas.10000096@test.com,M,Espana,Sucre,"Ingenieria de Sistemas",700,"Transferencia Bancaria",REC-TEST-10000096,LIN100,T001,10500015,Jorge,Sanchez,"Licenciado en Filologia",28,23,28,5,56,Reprobado
10000097,Valeria,Gomez,Sanchez,valeria.gomez.10000097@test.com,F,"Nacional Florida",Oruro,"Ingenieria en Redes",700,PayPal,REC-TEST-10000097,MAT100,T001,10500012,Andres,Gomez,"Licenciado en Matematicas",34,17,26,14,57,Reprobado
10000097,Valeria,Gomez,Sanchez,valeria.gomez.10000097@test.com,F,"Nacional Florida",Oruro,"Ingenieria en Redes",700,PayPal,REC-TEST-10000097,FIS100,T001,10500013,Sofia,Rojas,Fisico,40,8,10,11,29,Reprobado
10000097,Valeria,Gomez,Sanchez,valeria.gomez.10000097@test.com,F,"Nacional Florida",Oruro,"Ingenieria en Redes",700,PayPal,REC-TEST-10000097,INF100,T001,10500014,Marta,Fernandez,"Ingeniero Informatico",20,33,2,24,59,Reprobado
10000097,Valeria,Gomez,Sanchez,valeria.gomez.10000097@test.com,F,"Nacional Florida",Oruro,"Ingenieria en Redes",700,PayPal,REC-TEST-10000097,LIN100,T001,10500015,Jorge,Sanchez,"Licenciado en Filologia",28,8,2,21,31,Reprobado
10000098,Luis,Martinez,Ramirez,luis.martinez.10000098@test.com,M,"Nacional Florida",Potosi,"Ingenieria en Redes",700,"Transferencia Bancaria",REC-TEST-10000098,MAT100,T001,10500012,Andres,Gomez,"Licenciado en Matematicas",34,19,15,15,49,Reprobado
10000098,Luis,Martinez,Ramirez,luis.martinez.10000098@test.com,M,"Nacional Florida",Potosi,"Ingenieria en Redes",700,"Transferencia Bancaria",REC-TEST-10000098,FIS100,T001,10500013,Sofia,Rojas,Fisico,40,21,10,12,43,Reprobado
10000098,Luis,Martinez,Ramirez,luis.martinez.10000098@test.com,M,"Nacional Florida",Potosi,"Ingenieria en Redes",700,"Transferencia Bancaria",REC-TEST-10000098,INF100,T001,10500014,Marta,Fernandez,"Ingeniero Informatico",20,31,11,14,56,Reprobado
10000098,Luis,Martinez,Ramirez,luis.martinez.10000098@test.com,M,"Nacional Florida",Potosi,"Ingenieria en Redes",700,"Transferencia Bancaria",REC-TEST-10000098,LIN100,T001,10500015,Jorge,Sanchez,"Licenciado en Filologia",28,23,6,20,49,Reprobado
10000099,Diego,Fernandez,Torres,diego.fernandez.10000099@test.com,M,"La Salle","Santa Cruz","Ingenieria Informatica",700,"Transferencia Bancaria",REC-TEST-10000099,MAT100,T001,10500012,Andres,Gomez,"Licenciado en Matematicas",34,11,0,14,25,Reprobado
10000099,Diego,Fernandez,Torres,diego.fernandez.10000099@test.com,M,"La Salle","Santa Cruz","Ingenieria Informatica",700,"Transferencia Bancaria",REC-TEST-10000099,FIS100,T001,10500013,Sofia,Rojas,Fisico,40,33,26,25,84,Aprobado
10000099,Diego,Fernandez,Torres,diego.fernandez.10000099@test.com,M,"La Salle","Santa Cruz","Ingenieria Informatica",700,"Transferencia Bancaria",REC-TEST-10000099,INF100,T001,10500014,Marta,Fernandez,"Ingeniero Informatico",20,31,27,25,83,Aprobado
10000099,Diego,Fernandez,Torres,diego.fernandez.10000099@test.com,M,"La Salle","Santa Cruz","Ingenieria Informatica",700,"Transferencia Bancaria",REC-TEST-10000099,LIN100,T001,10500015,Jorge,Sanchez,"Licenciado en Filologia",28,26,9,22,57,Reprobado
10000100,Laura,Rojas,Rodriguez,laura.rojas.10000100@test.com,F,"Domingo Savio",Tarija,"Ingenieria en Redes",700,"Transferencia Bancaria",REC-TEST-10000100,MAT100,M003,10500008,Gabriela,Garcia,"Licenciado en Matematicas",30,5,20,14,39,Reprobado
10000100,Laura,Rojas,Rodriguez,laura.rojas.10000100@test.com,F,"Domingo Savio",Tarija,"Ingenieria en Redes",700,"Transferencia Bancaria",REC-TEST-10000100,FIS100,M003,10500009,Miguel,Perez,Fisico,35,15,23,28,66,Aprobado
10000100,Laura,Rojas,Rodriguez,laura.rojas.10000100@test.com,F,"Domingo Savio",Tarija,"Ingenieria en Redes",700,"Transferencia Bancaria",REC-TEST-10000100,INF100,M003,10500010,Valeria,Vargas,"Ingeniero Informatico",40,0,22,9,31,Reprobado
10000100,Laura,Rojas,Rodriguez,laura.rojas.10000100@test.com,F,"Domingo Savio",Tarija,"Ingenieria en Redes",700,"Transferencia Bancaria",REC-TEST-10000100,LIN100,M003,10500011,Paula,Sanchez,"Licenciado en Filologia",30,23,32,27,82,Aprobado
10000101,Maria,Ramirez,Rojas,maria.ramirez.10000101@test.com,F,Marista,"La Paz","Ingenieria Informatica",700,PayPal,REC-TEST-10000101,MAT100,T001,10500012,Andres,Gomez,"Licenciado en Matematicas",34,23,23,24,70,Aprobado
10000101,Maria,Ramirez,Rojas,maria.ramirez.10000101@test.com,F,Marista,"La Paz","Ingenieria Informatica",700,PayPal,REC-TEST-10000101,FIS100,T001,10500013,Sofia,Rojas,Fisico,40,19,14,2,35,Reprobado
10000101,Maria,Ramirez,Rojas,maria.ramirez.10000101@test.com,F,Marista,"La Paz","Ingenieria Informatica",700,PayPal,REC-TEST-10000101,INF100,T001,10500014,Marta,Fernandez,"Ingeniero Informatico",20,31,7,4,42,Reprobado
10000101,Maria,Ramirez,Rojas,maria.ramirez.10000101@test.com,F,Marista,"La Paz","Ingenieria Informatica",700,PayPal,REC-TEST-10000101,LIN100,T001,10500015,Jorge,Sanchez,"Licenciado en Filologia",28,17,16,34,67,Aprobado
10000102,Laura,Rojas,Sanchez,laura.rojas.10000102@test.com,F,"Nacional Florida",Sucre,"Ingenieria en Redes",700,"Stripe (Tarjetas)",REC-TEST-10000102,MAT100,T001,10500012,Andres,Gomez,"Licenciado en Matematicas",34,27,21,9,57,Reprobado
10000102,Laura,Rojas,Sanchez,laura.rojas.10000102@test.com,F,"Nacional Florida",Sucre,"Ingenieria en Redes",700,"Stripe (Tarjetas)",REC-TEST-10000102,FIS100,T001,10500013,Sofia,Rojas,Fisico,40,29,33,9,71,Aprobado
10000102,Laura,Rojas,Sanchez,laura.rojas.10000102@test.com,F,"Nacional Florida",Sucre,"Ingenieria en Redes",700,"Stripe (Tarjetas)",REC-TEST-10000102,INF100,T001,10500014,Marta,Fernandez,"Ingeniero Informatico",20,10,10,4,24,Reprobado
10000102,Laura,Rojas,Sanchez,laura.rojas.10000102@test.com,F,"Nacional Florida",Sucre,"Ingenieria en Redes",700,"Stripe (Tarjetas)",REC-TEST-10000102,LIN100,T001,10500015,Jorge,Sanchez,"Licenciado en Filologia",28,10,10,16,36,Reprobado
10000103,Sofia,Rodriguez,Rodriguez,sofia.rodriguez.10000103@test.com,F,Evangelico,Tarija,"Ingenieria de Sistemas",700,"Transferencia Bancaria",REC-TEST-10000103,MAT100,M003,10500008,Gabriela,Garcia,"Licenciado en Matematicas",30,26,31,24,81,Aprobado
10000103,Sofia,Rodriguez,Rodriguez,sofia.rodriguez.10000103@test.com,F,Evangelico,Tarija,"Ingenieria de Sistemas",700,"Transferencia Bancaria",REC-TEST-10000103,FIS100,M003,10500009,Miguel,Perez,Fisico,35,31,27,17,75,Aprobado
10000103,Sofia,Rodriguez,Rodriguez,sofia.rodriguez.10000103@test.com,F,Evangelico,Tarija,"Ingenieria de Sistemas",700,"Transferencia Bancaria",REC-TEST-10000103,INF100,M003,10500010,Valeria,Vargas,"Ingeniero Informatico",40,14,30,34,78,Aprobado
10000103,Sofia,Rodriguez,Rodriguez,sofia.rodriguez.10000103@test.com,F,Evangelico,Tarija,"Ingenieria de Sistemas",700,"Transferencia Bancaria",REC-TEST-10000103,LIN100,M003,10500011,Paula,Sanchez,"Licenciado en Filologia",30,4,7,3,14,Reprobado
10000104,Sofia,Fernandez,Gomez,sofia.fernandez.10000104@test.com,F,Espana,Pando,"Ingenieria en Redes",700,PayPal,REC-TEST-10000104,MAT100,M001,10500000,Maria,Rodriguez,"Licenciado en Matematicas",37,29,3,15,47,Reprobado
10000104,Sofia,Fernandez,Gomez,sofia.fernandez.10000104@test.com,F,Espana,Pando,"Ingenieria en Redes",700,PayPal,REC-TEST-10000104,FIS100,M001,10500001,Fernando,Garcia,Fisico,11,0,13,25,38,Reprobado
10000104,Sofia,Fernandez,Gomez,sofia.fernandez.10000104@test.com,F,Espana,Pando,"Ingenieria en Redes",700,PayPal,REC-TEST-10000104,INF100,M001,10500002,Pedro,Lopez,"Ingeniero Informatico",15,16,23,32,71,Aprobado
10000104,Sofia,Fernandez,Gomez,sofia.fernandez.10000104@test.com,F,Espana,Pando,"Ingenieria en Redes",700,PayPal,REC-TEST-10000104,LIN100,M001,10500003,Pedro,Sanchez,"Licenciado en Filologia",30,2,23,25,50,Reprobado
10000105,Diego,Martinez,Gomez,diego.martinez.10000105@test.com,M,Marista,"La Paz","Ingenieria de Sistemas",700,"Transferencia Bancaria",REC-TEST-10000105,MAT100,M003,10500008,Gabriela,Garcia,"Licenciado en Matematicas",30,29,7,27,63,Aprobado
10000105,Diego,Martinez,Gomez,diego.martinez.10000105@test.com,M,Marista,"La Paz","Ingenieria de Sistemas",700,"Transferencia Bancaria",REC-TEST-10000105,FIS100,M003,10500009,Miguel,Perez,Fisico,35,25,3,25,53,Reprobado
10000105,Diego,Martinez,Gomez,diego.martinez.10000105@test.com,M,Marista,"La Paz","Ingenieria de Sistemas",700,"Transferencia Bancaria",REC-TEST-10000105,INF100,M003,10500010,Valeria,Vargas,"Ingeniero Informatico",40,32,23,4,59,Reprobado
10000105,Diego,Martinez,Gomez,diego.martinez.10000105@test.com,M,Marista,"La Paz","Ingenieria de Sistemas",700,"Transferencia Bancaria",REC-TEST-10000105,LIN100,M003,10500011,Paula,Sanchez,"Licenciado en Filologia",30,30,27,33,90,Aprobado
10000106,Miguel,Fernandez,Fernandez,miguel.fernandez.10000106@test.com,M,Marista,Sucre,"Ingenieria Informatica",700,"Stripe (Tarjetas)",REC-TEST-10000106,MAT100,M002,10500004,Ricardo,Lopez,"Licenciado en Matematicas",21,31,15,21,67,Aprobado
10000106,Miguel,Fernandez,Fernandez,miguel.fernandez.10000106@test.com,M,Marista,Sucre,"Ingenieria Informatica",700,"Stripe (Tarjetas)",REC-TEST-10000106,FIS100,M002,10500005,Jorge,Perez,Fisico,25,24,10,0,34,Reprobado
10000106,Miguel,Fernandez,Fernandez,miguel.fernandez.10000106@test.com,M,Marista,Sucre,"Ingenieria Informatica",700,"Stripe (Tarjetas)",REC-TEST-10000106,INF100,M002,10500006,Carlos,Sanchez,"Ingeniero Informatico",24,1,14,32,47,Reprobado
10000106,Miguel,Fernandez,Fernandez,miguel.fernandez.10000106@test.com,M,Marista,Sucre,"Ingenieria Informatica",700,"Stripe (Tarjetas)",REC-TEST-10000106,LIN100,M002,10500007,Jorge,Gomez,"Licenciado en Filologia",33,3,23,5,31,Reprobado
10000107,Fernando,Martinez,Martinez,fernando.martinez.10000107@test.com,M,Marista,"Santa Cruz","Ingenieria en Redes",700,"Stripe (Tarjetas)",REC-TEST-10000107,MAT100,N001,10500016,Maria,Fernandez,"Licenciado en Matematicas",16,19,28,31,78,Aprobado
10000107,Fernando,Martinez,Martinez,fernando.martinez.10000107@test.com,M,Marista,"Santa Cruz","Ingenieria en Redes",700,"Stripe (Tarjetas)",REC-TEST-10000107,FIS100,N001,10500017,Carlos,Gomez,Fisico,27,10,26,14,50,Reprobado
10000107,Fernando,Martinez,Martinez,fernando.martinez.10000107@test.com,M,Marista,"Santa Cruz","Ingenieria en Redes",700,"Stripe (Tarjetas)",REC-TEST-10000107,INF100,N001,10500018,Paula,Rojas,"Ingeniero Informatico",20,3,5,18,26,Reprobado
10000107,Fernando,Martinez,Martinez,fernando.martinez.10000107@test.com,M,Marista,"Santa Cruz","Ingenieria en Redes",700,"Stripe (Tarjetas)",REC-TEST-10000107,LIN100,N001,10500019,Elena,Martinez,"Licenciado en Filologia",27,6,6,29,41,Reprobado
10000108,Pedro,Ramirez,Torres,pedro.ramirez.10000108@test.com,M,Espana,Oruro,"Ingenieria en Redes",700,"Transferencia Bancaria",REC-TEST-10000108,MAT100,T001,10500012,Andres,Gomez,"Licenciado en Matematicas",34,17,25,14,56,Reprobado
10000108,Pedro,Ramirez,Torres,pedro.ramirez.10000108@test.com,M,Espana,Oruro,"Ingenieria en Redes",700,"Transferencia Bancaria",REC-TEST-10000108,FIS100,T001,10500013,Sofia,Rojas,Fisico,40,28,31,30,89,Aprobado
10000108,Pedro,Ramirez,Torres,pedro.ramirez.10000108@test.com,M,Espana,Oruro,"Ingenieria en Redes",700,"Transferencia Bancaria",REC-TEST-10000108,INF100,T001,10500014,Marta,Fernandez,"Ingeniero Informatico",20,20,9,31,60,Aprobado
10000108,Pedro,Ramirez,Torres,pedro.ramirez.10000108@test.com,M,Espana,Oruro,"Ingenieria en Redes",700,"Transferencia Bancaria",REC-TEST-10000108,LIN100,T001,10500015,Jorge,Sanchez,"Licenciado en Filologia",28,11,15,27,53,Reprobado
10000109,Sofia,Sanchez,Martinez,sofia.sanchez.10000109@test.com,F,Uboldi,Tarija,"Ingenieria en Redes",700,"Transferencia Bancaria",REC-TEST-10000109,MAT100,T001,10500012,Andres,Gomez,"Licenciado en Matematicas",34,27,5,6,38,Reprobado
10000109,Sofia,Sanchez,Martinez,sofia.sanchez.10000109@test.com,F,Uboldi,Tarija,"Ingenieria en Redes",700,"Transferencia Bancaria",REC-TEST-10000109,FIS100,T001,10500013,Sofia,Rojas,Fisico,40,16,6,26,48,Reprobado
10000109,Sofia,Sanchez,Martinez,sofia.sanchez.10000109@test.com,F,Uboldi,Tarija,"Ingenieria en Redes",700,"Transferencia Bancaria",REC-TEST-10000109,INF100,T001,10500014,Marta,Fernandez,"Ingeniero Informatico",20,12,29,17,58,Reprobado
10000109,Sofia,Sanchez,Martinez,sofia.sanchez.10000109@test.com,F,Uboldi,Tarija,"Ingenieria en Redes",700,"Transferencia Bancaria",REC-TEST-10000109,LIN100,T001,10500015,Jorge,Sanchez,"Licenciado en Filologia",28,13,28,22,63,Aprobado
10000110,Juan,Gomez,Gomez,juan.gomez.10000110@test.com,M,"Domingo Savio",Cochabamba,"Ingenieria Informatica",700,PayPal,REC-TEST-10000110,MAT100,M003,10500008,Gabriela,Garcia,"Licenciado en Matematicas",30,21,11,9,41,Reprobado
10000110,Juan,Gomez,Gomez,juan.gomez.10000110@test.com,M,"Domingo Savio",Cochabamba,"Ingenieria Informatica",700,PayPal,REC-TEST-10000110,FIS100,M003,10500009,Miguel,Perez,Fisico,35,15,17,8,40,Reprobado
10000110,Juan,Gomez,Gomez,juan.gomez.10000110@test.com,M,"Domingo Savio",Cochabamba,"Ingenieria Informatica",700,PayPal,REC-TEST-10000110,INF100,M003,10500010,Valeria,Vargas,"Ingeniero Informatico",40,15,32,3,50,Reprobado
10000110,Juan,Gomez,Gomez,juan.gomez.10000110@test.com,M,"Domingo Savio",Cochabamba,"Ingenieria Informatica",700,PayPal,REC-TEST-10000110,LIN100,M003,10500011,Paula,Sanchez,"Licenciado en Filologia",30,3,33,1,37,Reprobado
10000111,Pedro,Vargas,Martinez,pedro.vargas.10000111@test.com,M,Marista,Cochabamba,"Ingenieria de Sistemas",700,"Transferencia Bancaria",REC-TEST-10000111,MAT100,M003,10500008,Gabriela,Garcia,"Licenciado en Matematicas",30,1,17,9,27,Reprobado
10000111,Pedro,Vargas,Martinez,pedro.vargas.10000111@test.com,M,Marista,Cochabamba,"Ingenieria de Sistemas",700,"Transferencia Bancaria",REC-TEST-10000111,FIS100,M003,10500009,Miguel,Perez,Fisico,35,15,24,19,58,Reprobado
10000111,Pedro,Vargas,Martinez,pedro.vargas.10000111@test.com,M,Marista,Cochabamba,"Ingenieria de Sistemas",700,"Transferencia Bancaria",REC-TEST-10000111,INF100,M003,10500010,Valeria,Vargas,"Ingeniero Informatico",40,4,8,8,20,Reprobado
10000111,Pedro,Vargas,Martinez,pedro.vargas.10000111@test.com,M,Marista,Cochabamba,"Ingenieria de Sistemas",700,"Transferencia Bancaria",REC-TEST-10000111,LIN100,M003,10500011,Paula,Sanchez,"Licenciado en Filologia",30,5,0,19,24,Reprobado
10000112,Ana,Vargas,Ramirez,ana.vargas.10000112@test.com,F,"Nacional Florida","La Paz","Ingenieria Informatica",700,"Stripe (Tarjetas)",REC-TEST-10000112,MAT100,T001,10500012,Andres,Gomez,"Licenciado en Matematicas",34,0,0,11,11,Reprobado
10000112,Ana,Vargas,Ramirez,ana.vargas.10000112@test.com,F,"Nacional Florida","La Paz","Ingenieria Informatica",700,"Stripe (Tarjetas)",REC-TEST-10000112,FIS100,T001,10500013,Sofia,Rojas,Fisico,40,25,5,25,55,Reprobado
10000112,Ana,Vargas,Ramirez,ana.vargas.10000112@test.com,F,"Nacional Florida","La Paz","Ingenieria Informatica",700,"Stripe (Tarjetas)",REC-TEST-10000112,INF100,T001,10500014,Marta,Fernandez,"Ingeniero Informatico",20,18,32,12,62,Aprobado
10000112,Ana,Vargas,Ramirez,ana.vargas.10000112@test.com,F,"Nacional Florida","La Paz","Ingenieria Informatica",700,"Stripe (Tarjetas)",REC-TEST-10000112,LIN100,T001,10500015,Jorge,Sanchez,"Licenciado en Filologia",28,20,19,3,42,Reprobado
10000113,Laura,Rodriguez,Lopez,laura.rodriguez.10000113@test.com,F,"Nacional Florida",Potosi,"Ingenieria Informatica",700,"Stripe (Tarjetas)",REC-TEST-10000113,MAT100,N001,10500016,Maria,Fernandez,"Licenciado en Matematicas",16,13,30,4,47,Reprobado
10000113,Laura,Rodriguez,Lopez,laura.rodriguez.10000113@test.com,F,"Nacional Florida",Potosi,"Ingenieria Informatica",700,"Stripe (Tarjetas)",REC-TEST-10000113,FIS100,N001,10500017,Carlos,Gomez,Fisico,27,12,3,11,26,Reprobado
10000113,Laura,Rodriguez,Lopez,laura.rodriguez.10000113@test.com,F,"Nacional Florida",Potosi,"Ingenieria Informatica",700,"Stripe (Tarjetas)",REC-TEST-10000113,INF100,N001,10500018,Paula,Rojas,"Ingeniero Informatico",20,8,0,16,24,Reprobado
10000113,Laura,Rodriguez,Lopez,laura.rodriguez.10000113@test.com,F,"Nacional Florida",Potosi,"Ingenieria Informatica",700,"Stripe (Tarjetas)",REC-TEST-10000113,LIN100,N001,10500019,Elena,Martinez,"Licenciado en Filologia",27,23,16,1,40,Reprobado
10000114,Daniela,Sanchez,Perez,daniela.sanchez.10000114@test.com,F,Espana,Oruro,"Ingenieria Informatica",700,PayPal,REC-TEST-10000114,MAT100,M002,10500004,Ricardo,Lopez,"Licenciado en Matematicas",21,16,31,33,80,Aprobado
10000114,Daniela,Sanchez,Perez,daniela.sanchez.10000114@test.com,F,Espana,Oruro,"Ingenieria Informatica",700,PayPal,REC-TEST-10000114,FIS100,M002,10500005,Jorge,Perez,Fisico,25,0,9,20,29,Reprobado
10000114,Daniela,Sanchez,Perez,daniela.sanchez.10000114@test.com,F,Espana,Oruro,"Ingenieria Informatica",700,PayPal,REC-TEST-10000114,INF100,M002,10500006,Carlos,Sanchez,"Ingeniero Informatico",24,31,21,31,83,Aprobado
10000114,Daniela,Sanchez,Perez,daniela.sanchez.10000114@test.com,F,Espana,Oruro,"Ingenieria Informatica",700,PayPal,REC-TEST-10000114,LIN100,M002,10500007,Jorge,Gomez,"Licenciado en Filologia",33,20,17,3,40,Reprobado
10000115,Paula,Torres,Ramirez,paula.torres.10000115@test.com,F,Marista,Potosi,"Ingenieria Informatica",700,"Stripe (Tarjetas)",REC-TEST-10000115,MAT100,M002,10500004,Ricardo,Lopez,"Licenciado en Matematicas",21,32,15,23,70,Aprobado
10000115,Paula,Torres,Ramirez,paula.torres.10000115@test.com,F,Marista,Potosi,"Ingenieria Informatica",700,"Stripe (Tarjetas)",REC-TEST-10000115,FIS100,M002,10500005,Jorge,Perez,Fisico,25,0,19,14,33,Reprobado
10000115,Paula,Torres,Ramirez,paula.torres.10000115@test.com,F,Marista,Potosi,"Ingenieria Informatica",700,"Stripe (Tarjetas)",REC-TEST-10000115,INF100,M002,10500006,Carlos,Sanchez,"Ingeniero Informatico",24,28,24,16,68,Aprobado
10000115,Paula,Torres,Ramirez,paula.torres.10000115@test.com,F,Marista,Potosi,"Ingenieria Informatica",700,"Stripe (Tarjetas)",REC-TEST-10000115,LIN100,M002,10500007,Jorge,Gomez,"Licenciado en Filologia",33,27,20,33,80,Aprobado
10000116,Ricardo,Vargas,Sanchez,ricardo.vargas.10000116@test.com,M,"La Salle",Tarija,"Ingenieria de Sistemas",700,"Stripe (Tarjetas)",REC-TEST-10000116,MAT100,M002,10500004,Ricardo,Lopez,"Licenciado en Matematicas",21,29,3,19,51,Reprobado
10000116,Ricardo,Vargas,Sanchez,ricardo.vargas.10000116@test.com,M,"La Salle",Tarija,"Ingenieria de Sistemas",700,"Stripe (Tarjetas)",REC-TEST-10000116,FIS100,M002,10500005,Jorge,Perez,Fisico,25,7,17,17,41,Reprobado
10000116,Ricardo,Vargas,Sanchez,ricardo.vargas.10000116@test.com,M,"La Salle",Tarija,"Ingenieria de Sistemas",700,"Stripe (Tarjetas)",REC-TEST-10000116,INF100,M002,10500006,Carlos,Sanchez,"Ingeniero Informatico",24,26,33,34,93,Aprobado
10000116,Ricardo,Vargas,Sanchez,ricardo.vargas.10000116@test.com,M,"La Salle",Tarija,"Ingenieria de Sistemas",700,"Stripe (Tarjetas)",REC-TEST-10000116,LIN100,M002,10500007,Jorge,Gomez,"Licenciado en Filologia",33,10,2,7,19,Reprobado
10000117,Ana,Rodriguez,Ramirez,ana.rodriguez.10000117@test.com,F,"La Salle",Potosi,"Ingenieria en Redes",700,"Stripe (Tarjetas)",REC-TEST-10000117,MAT100,M003,10500008,Gabriela,Garcia,"Licenciado en Matematicas",30,24,9,25,58,Reprobado
10000117,Ana,Rodriguez,Ramirez,ana.rodriguez.10000117@test.com,F,"La Salle",Potosi,"Ingenieria en Redes",700,"Stripe (Tarjetas)",REC-TEST-10000117,FIS100,M003,10500009,Miguel,Perez,Fisico,35,2,9,4,15,Reprobado
10000117,Ana,Rodriguez,Ramirez,ana.rodriguez.10000117@test.com,F,"La Salle",Potosi,"Ingenieria en Redes",700,"Stripe (Tarjetas)",REC-TEST-10000117,INF100,M003,10500010,Valeria,Vargas,"Ingeniero Informatico",40,9,31,9,49,Reprobado
10000117,Ana,Rodriguez,Ramirez,ana.rodriguez.10000117@test.com,F,"La Salle",Potosi,"Ingenieria en Redes",700,"Stripe (Tarjetas)",REC-TEST-10000117,LIN100,M003,10500011,Paula,Sanchez,"Licenciado en Filologia",30,18,3,16,37,Reprobado
10000118,Marta,Torres,Fernandez,marta.torres.10000118@test.com,F,"Domingo Savio","Santa Cruz","Ingenieria Informatica",700,"Transferencia Bancaria",REC-TEST-10000118,MAT100,T001,10500012,Andres,Gomez,"Licenciado en Matematicas",34,18,24,24,66,Aprobado
10000118,Marta,Torres,Fernandez,marta.torres.10000118@test.com,F,"Domingo Savio","Santa Cruz","Ingenieria Informatica",700,"Transferencia Bancaria",REC-TEST-10000118,FIS100,T001,10500013,Sofia,Rojas,Fisico,40,0,25,34,59,Reprobado
10000118,Marta,Torres,Fernandez,marta.torres.10000118@test.com,F,"Domingo Savio","Santa Cruz","Ingenieria Informatica",700,"Transferencia Bancaria",REC-TEST-10000118,INF100,T001,10500014,Marta,Fernandez,"Ingeniero Informatico",20,20,27,19,66,Aprobado
10000118,Marta,Torres,Fernandez,marta.torres.10000118@test.com,F,"Domingo Savio","Santa Cruz","Ingenieria Informatica",700,"Transferencia Bancaria",REC-TEST-10000118,LIN100,T001,10500015,Jorge,Sanchez,"Licenciado en Filologia",28,18,16,5,39,Reprobado
10000119,Pedro,Perez,Ramirez,pedro.perez.10000119@test.com,M,Evangelico,"La Paz","Ingenieria en Redes",700,"Transferencia Bancaria",REC-TEST-10000119,MAT100,M003,10500008,Gabriela,Garcia,"Licenciado en Matematicas",30,17,17,9,43,Reprobado
10000119,Pedro,Perez,Ramirez,pedro.perez.10000119@test.com,M,Evangelico,"La Paz","Ingenieria en Redes",700,"Transferencia Bancaria",REC-TEST-10000119,FIS100,M003,10500009,Miguel,Perez,Fisico,35,0,14,3,17,Reprobado
10000119,Pedro,Perez,Ramirez,pedro.perez.10000119@test.com,M,Evangelico,"La Paz","Ingenieria en Redes",700,"Transferencia Bancaria",REC-TEST-10000119,INF100,M003,10500010,Valeria,Vargas,"Ingeniero Informatico",40,32,23,32,87,Aprobado
10000119,Pedro,Perez,Ramirez,pedro.perez.10000119@test.com,M,Evangelico,"La Paz","Ingenieria en Redes",700,"Transferencia Bancaria",REC-TEST-10000119,LIN100,M003,10500011,Paula,Sanchez,"Licenciado en Filologia",30,3,15,17,35,Reprobado
10000120,Luis,Torres,Gomez,luis.torres.10000120@test.com,M,Espana,"La Paz","Ingenieria de Sistemas",700,PayPal,REC-TEST-10000120,MAT100,T001,10500012,Andres,Gomez,"Licenciado en Matematicas",34,18,19,22,59,Reprobado
10000120,Luis,Torres,Gomez,luis.torres.10000120@test.com,M,Espana,"La Paz","Ingenieria de Sistemas",700,PayPal,REC-TEST-10000120,FIS100,T001,10500013,Sofia,Rojas,Fisico,40,29,18,9,56,Reprobado
10000120,Luis,Torres,Gomez,luis.torres.10000120@test.com,M,Espana,"La Paz","Ingenieria de Sistemas",700,PayPal,REC-TEST-10000120,INF100,T001,10500014,Marta,Fernandez,"Ingeniero Informatico",20,31,33,22,86,Aprobado
10000120,Luis,Torres,Gomez,luis.torres.10000120@test.com,M,Espana,"La Paz","Ingenieria de Sistemas",700,PayPal,REC-TEST-10000120,LIN100,T001,10500015,Jorge,Sanchez,"Licenciado en Filologia",28,18,31,28,77,Aprobado
10000121,Luis,Fernandez,Gomez,luis.fernandez.10000121@test.com,M,"La Salle",Cochabamba,"Ingenieria Informatica",700,"Stripe (Tarjetas)",REC-TEST-10000121,MAT100,M003,10500008,Gabriela,Garcia,"Licenciado en Matematicas",30,29,32,24,85,Aprobado
10000121,Luis,Fernandez,Gomez,luis.fernandez.10000121@test.com,M,"La Salle",Cochabamba,"Ingenieria Informatica",700,"Stripe (Tarjetas)",REC-TEST-10000121,FIS100,M003,10500009,Miguel,Perez,Fisico,35,25,13,7,45,Reprobado
10000121,Luis,Fernandez,Gomez,luis.fernandez.10000121@test.com,M,"La Salle",Cochabamba,"Ingenieria Informatica",700,"Stripe (Tarjetas)",REC-TEST-10000121,INF100,M003,10500010,Valeria,Vargas,"Ingeniero Informatico",40,20,24,29,73,Aprobado
10000121,Luis,Fernandez,Gomez,luis.fernandez.10000121@test.com,M,"La Salle",Cochabamba,"Ingenieria Informatica",700,"Stripe (Tarjetas)",REC-TEST-10000121,LIN100,M003,10500011,Paula,Sanchez,"Licenciado en Filologia",30,0,12,29,41,Reprobado
10000122,Paula,Ramirez,Garcia,paula.ramirez.10000122@test.com,F,"La Salle","La Paz","Ingenieria de Sistemas",700,"Stripe (Tarjetas)",REC-TEST-10000122,MAT100,N001,10500016,Maria,Fernandez,"Licenciado en Matematicas",16,20,33,30,83,Aprobado
10000122,Paula,Ramirez,Garcia,paula.ramirez.10000122@test.com,F,"La Salle","La Paz","Ingenieria de Sistemas",700,"Stripe (Tarjetas)",REC-TEST-10000122,FIS100,N001,10500017,Carlos,Gomez,Fisico,27,33,22,18,73,Aprobado
10000122,Paula,Ramirez,Garcia,paula.ramirez.10000122@test.com,F,"La Salle","La Paz","Ingenieria de Sistemas",700,"Stripe (Tarjetas)",REC-TEST-10000122,INF100,N001,10500018,Paula,Rojas,"Ingeniero Informatico",20,33,13,17,63,Aprobado
10000122,Paula,Ramirez,Garcia,paula.ramirez.10000122@test.com,F,"La Salle","La Paz","Ingenieria de Sistemas",700,"Stripe (Tarjetas)",REC-TEST-10000122,LIN100,N001,10500019,Elena,Martinez,"Licenciado en Filologia",27,26,27,34,87,Aprobado
10000123,Sofia,Gomez,Sanchez,sofia.gomez.10000123@test.com,F,"Don Bosco","La Paz","Ingenieria Informatica",700,"Transferencia Bancaria",REC-TEST-10000123,MAT100,N001,10500016,Maria,Fernandez,"Licenciado en Matematicas",16,22,4,14,40,Reprobado
10000123,Sofia,Gomez,Sanchez,sofia.gomez.10000123@test.com,F,"Don Bosco","La Paz","Ingenieria Informatica",700,"Transferencia Bancaria",REC-TEST-10000123,FIS100,N001,10500017,Carlos,Gomez,Fisico,27,10,20,6,36,Reprobado
10000123,Sofia,Gomez,Sanchez,sofia.gomez.10000123@test.com,F,"Don Bosco","La Paz","Ingenieria Informatica",700,"Transferencia Bancaria",REC-TEST-10000123,INF100,N001,10500018,Paula,Rojas,"Ingeniero Informatico",20,7,8,19,34,Reprobado
10000123,Sofia,Gomez,Sanchez,sofia.gomez.10000123@test.com,F,"Don Bosco","La Paz","Ingenieria Informatica",700,"Transferencia Bancaria",REC-TEST-10000123,LIN100,N001,10500019,Elena,Martinez,"Licenciado en Filologia",27,32,17,6,55,Reprobado
10000124,Elena,Garcia,Vargas,elena.garcia.10000124@test.com,F,"Don Bosco",Pando,"Ingenieria de Sistemas",700,"Transferencia Bancaria",REC-TEST-10000124,MAT100,M003,10500008,Gabriela,Garcia,"Licenciado en Matematicas",30,3,15,3,21,Reprobado
10000124,Elena,Garcia,Vargas,elena.garcia.10000124@test.com,F,"Don Bosco",Pando,"Ingenieria de Sistemas",700,"Transferencia Bancaria",REC-TEST-10000124,FIS100,M003,10500009,Miguel,Perez,Fisico,35,2,0,11,13,Reprobado
10000124,Elena,Garcia,Vargas,elena.garcia.10000124@test.com,F,"Don Bosco",Pando,"Ingenieria de Sistemas",700,"Transferencia Bancaria",REC-TEST-10000124,INF100,M003,10500010,Valeria,Vargas,"Ingeniero Informatico",40,10,6,2,18,Reprobado
10000124,Elena,Garcia,Vargas,elena.garcia.10000124@test.com,F,"Don Bosco",Pando,"Ingenieria de Sistemas",700,"Transferencia Bancaria",REC-TEST-10000124,LIN100,M003,10500011,Paula,Sanchez,"Licenciado en Filologia",30,6,17,22,45,Reprobado
10000125,Juan,Lopez,Sanchez,juan.lopez.10000125@test.com,M,"Domingo Savio",Potosi,"Ingenieria en Redes",700,PayPal,REC-TEST-10000125,MAT100,T001,10500012,Andres,Gomez,"Licenciado en Matematicas",34,0,2,29,31,Reprobado
10000125,Juan,Lopez,Sanchez,juan.lopez.10000125@test.com,M,"Domingo Savio",Potosi,"Ingenieria en Redes",700,PayPal,REC-TEST-10000125,FIS100,T001,10500013,Sofia,Rojas,Fisico,40,19,6,25,50,Reprobado
10000125,Juan,Lopez,Sanchez,juan.lopez.10000125@test.com,M,"Domingo Savio",Potosi,"Ingenieria en Redes",700,PayPal,REC-TEST-10000125,INF100,T001,10500014,Marta,Fernandez,"Ingeniero Informatico",20,24,6,25,55,Reprobado
10000125,Juan,Lopez,Sanchez,juan.lopez.10000125@test.com,M,"Domingo Savio",Potosi,"Ingenieria en Redes",700,PayPal,REC-TEST-10000125,LIN100,T001,10500015,Jorge,Sanchez,"Licenciado en Filologia",28,0,10,0,10,Reprobado
10000126,Laura,Rodriguez,Ramirez,laura.rodriguez.10000126@test.com,F,"Nacional Florida",Potosi,"Ingenieria en Redes",700,PayPal,REC-TEST-10000126,MAT100,M003,10500008,Gabriela,Garcia,"Licenciado en Matematicas",30,32,24,27,83,Aprobado
10000126,Laura,Rodriguez,Ramirez,laura.rodriguez.10000126@test.com,F,"Nacional Florida",Potosi,"Ingenieria en Redes",700,PayPal,REC-TEST-10000126,FIS100,M003,10500009,Miguel,Perez,Fisico,35,22,27,24,73,Aprobado
10000126,Laura,Rodriguez,Ramirez,laura.rodriguez.10000126@test.com,F,"Nacional Florida",Potosi,"Ingenieria en Redes",700,PayPal,REC-TEST-10000126,INF100,M003,10500010,Valeria,Vargas,"Ingeniero Informatico",40,26,14,23,63,Aprobado
10000126,Laura,Rodriguez,Ramirez,laura.rodriguez.10000126@test.com,F,"Nacional Florida",Potosi,"Ingenieria en Redes",700,PayPal,REC-TEST-10000126,LIN100,M003,10500011,Paula,Sanchez,"Licenciado en Filologia",30,2,19,12,33,Reprobado
10000127,Jose,Gomez,Rodriguez,jose.gomez.10000127@test.com,M,Espana,Sucre,"Ingenieria en Redes",700,PayPal,REC-TEST-10000127,MAT100,M002,10500004,Ricardo,Lopez,"Licenciado en Matematicas",21,14,26,29,69,Aprobado
10000127,Jose,Gomez,Rodriguez,jose.gomez.10000127@test.com,M,Espana,Sucre,"Ingenieria en Redes",700,PayPal,REC-TEST-10000127,FIS100,M002,10500005,Jorge,Perez,Fisico,25,20,21,13,54,Reprobado
10000127,Jose,Gomez,Rodriguez,jose.gomez.10000127@test.com,M,Espana,Sucre,"Ingenieria en Redes",700,PayPal,REC-TEST-10000127,INF100,M002,10500006,Carlos,Sanchez,"Ingeniero Informatico",24,5,28,10,43,Reprobado
10000127,Jose,Gomez,Rodriguez,jose.gomez.10000127@test.com,M,Espana,Sucre,"Ingenieria en Redes",700,PayPal,REC-TEST-10000127,LIN100,M002,10500007,Jorge,Gomez,"Licenciado en Filologia",33,12,25,0,37,Reprobado
10000128,Paula,Vargas,Martinez,paula.vargas.10000128@test.com,F,Evangelico,Potosi,"Ingenieria en Redes",700,"Stripe (Tarjetas)",REC-TEST-10000128,MAT100,M002,10500004,Ricardo,Lopez,"Licenciado en Matematicas",21,23,27,3,53,Reprobado
10000128,Paula,Vargas,Martinez,paula.vargas.10000128@test.com,F,Evangelico,Potosi,"Ingenieria en Redes",700,"Stripe (Tarjetas)",REC-TEST-10000128,FIS100,M002,10500005,Jorge,Perez,Fisico,25,13,14,11,38,Reprobado
10000128,Paula,Vargas,Martinez,paula.vargas.10000128@test.com,F,Evangelico,Potosi,"Ingenieria en Redes",700,"Stripe (Tarjetas)",REC-TEST-10000128,INF100,M002,10500006,Carlos,Sanchez,"Ingeniero Informatico",24,21,31,5,57,Reprobado
10000128,Paula,Vargas,Martinez,paula.vargas.10000128@test.com,F,Evangelico,Potosi,"Ingenieria en Redes",700,"Stripe (Tarjetas)",REC-TEST-10000128,LIN100,M002,10500007,Jorge,Gomez,"Licenciado en Filologia",33,9,20,6,35,Reprobado
10000129,Juan,Lopez,Ramirez,juan.lopez.10000129@test.com,M,"La Salle","La Paz","Ingenieria de Sistemas",700,"Transferencia Bancaria",REC-TEST-10000129,MAT100,T001,10500012,Andres,Gomez,"Licenciado en Matematicas",34,25,13,23,61,Aprobado
10000129,Juan,Lopez,Ramirez,juan.lopez.10000129@test.com,M,"La Salle","La Paz","Ingenieria de Sistemas",700,"Transferencia Bancaria",REC-TEST-10000129,FIS100,T001,10500013,Sofia,Rojas,Fisico,40,1,31,21,53,Reprobado
10000129,Juan,Lopez,Ramirez,juan.lopez.10000129@test.com,M,"La Salle","La Paz","Ingenieria de Sistemas",700,"Transferencia Bancaria",REC-TEST-10000129,INF100,T001,10500014,Marta,Fernandez,"Ingeniero Informatico",20,13,15,2,30,Reprobado
10000129,Juan,Lopez,Ramirez,juan.lopez.10000129@test.com,M,"La Salle","La Paz","Ingenieria de Sistemas",700,"Transferencia Bancaria",REC-TEST-10000129,LIN100,T001,10500015,Jorge,Sanchez,"Licenciado en Filologia",28,19,30,26,75,Aprobado
10000130,Roberto,Vargas,Rodriguez,roberto.vargas.10000130@test.com,M,"Nacional Florida","Santa Cruz","Ingenieria de Sistemas",700,PayPal,REC-TEST-10000130,MAT100,M003,10500008,Gabriela,Garcia,"Licenciado en Matematicas",30,28,10,19,57,Reprobado
10000130,Roberto,Vargas,Rodriguez,roberto.vargas.10000130@test.com,M,"Nacional Florida","Santa Cruz","Ingenieria de Sistemas",700,PayPal,REC-TEST-10000130,FIS100,M003,10500009,Miguel,Perez,Fisico,35,30,24,13,67,Aprobado
10000130,Roberto,Vargas,Rodriguez,roberto.vargas.10000130@test.com,M,"Nacional Florida","Santa Cruz","Ingenieria de Sistemas",700,PayPal,REC-TEST-10000130,INF100,M003,10500010,Valeria,Vargas,"Ingeniero Informatico",40,7,4,23,34,Reprobado
10000130,Roberto,Vargas,Rodriguez,roberto.vargas.10000130@test.com,M,"Nacional Florida","Santa Cruz","Ingenieria de Sistemas",700,PayPal,REC-TEST-10000130,LIN100,M003,10500011,Paula,Sanchez,"Licenciado en Filologia",30,14,11,23,48,Reprobado
10000131,Pedro,Torres,Fernandez,pedro.torres.10000131@test.com,M,"La Salle",Cochabamba,"Ingenieria en Redes",700,"Transferencia Bancaria",REC-TEST-10000131,MAT100,M002,10500004,Ricardo,Lopez,"Licenciado en Matematicas",21,19,12,18,49,Reprobado
10000131,Pedro,Torres,Fernandez,pedro.torres.10000131@test.com,M,"La Salle",Cochabamba,"Ingenieria en Redes",700,"Transferencia Bancaria",REC-TEST-10000131,FIS100,M002,10500005,Jorge,Perez,Fisico,25,4,1,24,29,Reprobado
10000131,Pedro,Torres,Fernandez,pedro.torres.10000131@test.com,M,"La Salle",Cochabamba,"Ingenieria en Redes",700,"Transferencia Bancaria",REC-TEST-10000131,INF100,M002,10500006,Carlos,Sanchez,"Ingeniero Informatico",24,10,15,16,41,Reprobado
10000131,Pedro,Torres,Fernandez,pedro.torres.10000131@test.com,M,"La Salle",Cochabamba,"Ingenieria en Redes",700,"Transferencia Bancaria",REC-TEST-10000131,LIN100,M002,10500007,Jorge,Gomez,"Licenciado en Filologia",33,15,4,10,29,Reprobado
10000132,Jose,Sanchez,Garcia,jose.sanchez.10000132@test.com,M,"La Salle",Beni,"Ingenieria de Sistemas",700,"Transferencia Bancaria",REC-TEST-10000132,MAT100,M001,10500000,Maria,Rodriguez,"Licenciado en Matematicas",37,7,30,10,47,Reprobado
10000132,Jose,Sanchez,Garcia,jose.sanchez.10000132@test.com,M,"La Salle",Beni,"Ingenieria de Sistemas",700,"Transferencia Bancaria",REC-TEST-10000132,FIS100,M001,10500001,Fernando,Garcia,Fisico,11,31,5,26,62,Aprobado
10000132,Jose,Sanchez,Garcia,jose.sanchez.10000132@test.com,M,"La Salle",Beni,"Ingenieria de Sistemas",700,"Transferencia Bancaria",REC-TEST-10000132,INF100,M001,10500002,Pedro,Lopez,"Ingeniero Informatico",15,26,21,3,50,Reprobado
10000132,Jose,Sanchez,Garcia,jose.sanchez.10000132@test.com,M,"La Salle",Beni,"Ingenieria de Sistemas",700,"Transferencia Bancaria",REC-TEST-10000132,LIN100,M001,10500003,Pedro,Sanchez,"Licenciado en Filologia",30,12,8,16,36,Reprobado
10000133,Jorge,Ramirez,Lopez,jorge.ramirez.10000133@test.com,M,"La Salle","Santa Cruz","Ingenieria de Sistemas",700,"Transferencia Bancaria",REC-TEST-10000133,MAT100,T001,10500012,Andres,Gomez,"Licenciado en Matematicas",34,4,9,2,15,Reprobado
10000133,Jorge,Ramirez,Lopez,jorge.ramirez.10000133@test.com,M,"La Salle","Santa Cruz","Ingenieria de Sistemas",700,"Transferencia Bancaria",REC-TEST-10000133,FIS100,T001,10500013,Sofia,Rojas,Fisico,40,24,10,20,54,Reprobado
10000133,Jorge,Ramirez,Lopez,jorge.ramirez.10000133@test.com,M,"La Salle","Santa Cruz","Ingenieria de Sistemas",700,"Transferencia Bancaria",REC-TEST-10000133,INF100,T001,10500014,Marta,Fernandez,"Ingeniero Informatico",20,11,18,33,62,Aprobado
10000133,Jorge,Ramirez,Lopez,jorge.ramirez.10000133@test.com,M,"La Salle","Santa Cruz","Ingenieria de Sistemas",700,"Transferencia Bancaria",REC-TEST-10000133,LIN100,T001,10500015,Jorge,Sanchez,"Licenciado en Filologia",28,5,21,20,46,Reprobado
10000134,Jorge,Sanchez,Vargas,jorge.sanchez.10000134@test.com,M,"La Salle",Tarija,"Ingenieria Informatica",700,"Transferencia Bancaria",REC-TEST-10000134,MAT100,T001,10500012,Andres,Gomez,"Licenciado en Matematicas",34,14,31,0,45,Reprobado
10000134,Jorge,Sanchez,Vargas,jorge.sanchez.10000134@test.com,M,"La Salle",Tarija,"Ingenieria Informatica",700,"Transferencia Bancaria",REC-TEST-10000134,FIS100,T001,10500013,Sofia,Rojas,Fisico,40,27,22,5,54,Reprobado
10000134,Jorge,Sanchez,Vargas,jorge.sanchez.10000134@test.com,M,"La Salle",Tarija,"Ingenieria Informatica",700,"Transferencia Bancaria",REC-TEST-10000134,INF100,T001,10500014,Marta,Fernandez,"Ingeniero Informatico",20,12,9,16,37,Reprobado
10000134,Jorge,Sanchez,Vargas,jorge.sanchez.10000134@test.com,M,"La Salle",Tarija,"Ingenieria Informatica",700,"Transferencia Bancaria",REC-TEST-10000134,LIN100,T001,10500015,Jorge,Sanchez,"Licenciado en Filologia",28,7,32,29,68,Aprobado
10000135,Laura,Perez,Rojas,laura.perez.10000135@test.com,F,Espana,"Santa Cruz","Ingenieria Informatica",700,PayPal,REC-TEST-10000135,MAT100,N001,10500016,Maria,Fernandez,"Licenciado en Matematicas",16,25,10,23,58,Reprobado
10000135,Laura,Perez,Rojas,laura.perez.10000135@test.com,F,Espana,"Santa Cruz","Ingenieria Informatica",700,PayPal,REC-TEST-10000135,FIS100,N001,10500017,Carlos,Gomez,Fisico,27,27,6,0,33,Reprobado
10000135,Laura,Perez,Rojas,laura.perez.10000135@test.com,F,Espana,"Santa Cruz","Ingenieria Informatica",700,PayPal,REC-TEST-10000135,INF100,N001,10500018,Paula,Rojas,"Ingeniero Informatico",20,5,22,20,47,Reprobado
10000135,Laura,Perez,Rojas,laura.perez.10000135@test.com,F,Espana,"Santa Cruz","Ingenieria Informatica",700,PayPal,REC-TEST-10000135,LIN100,N001,10500019,Elena,Martinez,"Licenciado en Filologia",27,22,22,31,75,Aprobado
10000136,Ricardo,Rodriguez,Garcia,ricardo.rodriguez.10000136@test.com,M,Uboldi,Tarija,"Ingenieria en Redes",700,"Stripe (Tarjetas)",REC-TEST-10000136,MAT100,M003,10500008,Gabriela,Garcia,"Licenciado en Matematicas",30,0,15,17,32,Reprobado
10000136,Ricardo,Rodriguez,Garcia,ricardo.rodriguez.10000136@test.com,M,Uboldi,Tarija,"Ingenieria en Redes",700,"Stripe (Tarjetas)",REC-TEST-10000136,FIS100,M003,10500009,Miguel,Perez,Fisico,35,32,20,34,86,Aprobado
10000136,Ricardo,Rodriguez,Garcia,ricardo.rodriguez.10000136@test.com,M,Uboldi,Tarija,"Ingenieria en Redes",700,"Stripe (Tarjetas)",REC-TEST-10000136,INF100,M003,10500010,Valeria,Vargas,"Ingeniero Informatico",40,11,19,13,43,Reprobado
10000136,Ricardo,Rodriguez,Garcia,ricardo.rodriguez.10000136@test.com,M,Uboldi,Tarija,"Ingenieria en Redes",700,"Stripe (Tarjetas)",REC-TEST-10000136,LIN100,M003,10500011,Paula,Sanchez,"Licenciado en Filologia",30,27,6,0,33,Reprobado
10000137,Ricardo,Rodriguez,Perez,ricardo.rodriguez.10000137@test.com,M,"La Salle","La Paz","Ingenieria en Redes",700,PayPal,REC-TEST-10000137,MAT100,M003,10500008,Gabriela,Garcia,"Licenciado en Matematicas",30,0,0,31,31,Reprobado
10000137,Ricardo,Rodriguez,Perez,ricardo.rodriguez.10000137@test.com,M,"La Salle","La Paz","Ingenieria en Redes",700,PayPal,REC-TEST-10000137,FIS100,M003,10500009,Miguel,Perez,Fisico,35,10,24,13,47,Reprobado
10000137,Ricardo,Rodriguez,Perez,ricardo.rodriguez.10000137@test.com,M,"La Salle","La Paz","Ingenieria en Redes",700,PayPal,REC-TEST-10000137,INF100,M003,10500010,Valeria,Vargas,"Ingeniero Informatico",40,5,4,27,36,Reprobado
10000137,Ricardo,Rodriguez,Perez,ricardo.rodriguez.10000137@test.com,M,"La Salle","La Paz","Ingenieria en Redes",700,PayPal,REC-TEST-10000137,LIN100,M003,10500011,Paula,Sanchez,"Licenciado en Filologia",30,13,18,25,56,Reprobado
10000138,Daniela,Vargas,Lopez,daniela.vargas.10000138@test.com,F,"Domingo Savio","La Paz","Ingenieria de Sistemas",700,PayPal,REC-TEST-10000138,MAT100,N001,10500016,Maria,Fernandez,"Licenciado en Matematicas",16,22,31,3,56,Reprobado
10000138,Daniela,Vargas,Lopez,daniela.vargas.10000138@test.com,F,"Domingo Savio","La Paz","Ingenieria de Sistemas",700,PayPal,REC-TEST-10000138,FIS100,N001,10500017,Carlos,Gomez,Fisico,27,1,26,33,60,Aprobado
10000138,Daniela,Vargas,Lopez,daniela.vargas.10000138@test.com,F,"Domingo Savio","La Paz","Ingenieria de Sistemas",700,PayPal,REC-TEST-10000138,INF100,N001,10500018,Paula,Rojas,"Ingeniero Informatico",20,13,18,0,31,Reprobado
10000138,Daniela,Vargas,Lopez,daniela.vargas.10000138@test.com,F,"Domingo Savio","La Paz","Ingenieria de Sistemas",700,PayPal,REC-TEST-10000138,LIN100,N001,10500019,Elena,Martinez,"Licenciado en Filologia",27,11,13,33,57,Reprobado
10000139,Jose,Ramirez,Garcia,jose.ramirez.10000139@test.com,M,Espana,Tarija,"Ingenieria de Sistemas",700,"Transferencia Bancaria",REC-TEST-10000139,MAT100,T001,10500012,Andres,Gomez,"Licenciado en Matematicas",34,21,33,27,81,Aprobado
10000139,Jose,Ramirez,Garcia,jose.ramirez.10000139@test.com,M,Espana,Tarija,"Ingenieria de Sistemas",700,"Transferencia Bancaria",REC-TEST-10000139,FIS100,T001,10500013,Sofia,Rojas,Fisico,40,9,29,4,42,Reprobado
10000139,Jose,Ramirez,Garcia,jose.ramirez.10000139@test.com,M,Espana,Tarija,"Ingenieria de Sistemas",700,"Transferencia Bancaria",REC-TEST-10000139,INF100,T001,10500014,Marta,Fernandez,"Ingeniero Informatico",20,23,5,19,47,Reprobado
10000139,Jose,Ramirez,Garcia,jose.ramirez.10000139@test.com,M,Espana,Tarija,"Ingenieria de Sistemas",700,"Transferencia Bancaria",REC-TEST-10000139,LIN100,T001,10500015,Jorge,Sanchez,"Licenciado en Filologia",28,23,22,7,52,Reprobado
10000140,Elena,Gomez,Gomez,elena.gomez.10000140@test.com,F,Uboldi,Pando,"Ingenieria Informatica",700,PayPal,REC-TEST-10000140,MAT100,N001,10500016,Maria,Fernandez,"Licenciado en Matematicas",16,10,13,18,41,Reprobado
10000140,Elena,Gomez,Gomez,elena.gomez.10000140@test.com,F,Uboldi,Pando,"Ingenieria Informatica",700,PayPal,REC-TEST-10000140,FIS100,N001,10500017,Carlos,Gomez,Fisico,27,16,4,6,26,Reprobado
10000140,Elena,Gomez,Gomez,elena.gomez.10000140@test.com,F,Uboldi,Pando,"Ingenieria Informatica",700,PayPal,REC-TEST-10000140,INF100,N001,10500018,Paula,Rojas,"Ingeniero Informatico",20,25,20,27,72,Aprobado
10000140,Elena,Gomez,Gomez,elena.gomez.10000140@test.com,F,Uboldi,Pando,"Ingenieria Informatica",700,PayPal,REC-TEST-10000140,LIN100,N001,10500019,Elena,Martinez,"Licenciado en Filologia",27,30,2,21,53,Reprobado
10000141,Carmen,Rojas,Lopez,carmen.rojas.10000141@test.com,F,Espana,"Santa Cruz","Ingenieria Informatica",700,"Stripe (Tarjetas)",REC-TEST-10000141,MAT100,N001,10500016,Maria,Fernandez,"Licenciado en Matematicas",16,30,26,27,83,Aprobado
10000141,Carmen,Rojas,Lopez,carmen.rojas.10000141@test.com,F,Espana,"Santa Cruz","Ingenieria Informatica",700,"Stripe (Tarjetas)",REC-TEST-10000141,FIS100,N001,10500017,Carlos,Gomez,Fisico,27,16,31,34,81,Aprobado
10000141,Carmen,Rojas,Lopez,carmen.rojas.10000141@test.com,F,Espana,"Santa Cruz","Ingenieria Informatica",700,"Stripe (Tarjetas)",REC-TEST-10000141,INF100,N001,10500018,Paula,Rojas,"Ingeniero Informatico",20,9,15,3,27,Reprobado
10000141,Carmen,Rojas,Lopez,carmen.rojas.10000141@test.com,F,Espana,"Santa Cruz","Ingenieria Informatica",700,"Stripe (Tarjetas)",REC-TEST-10000141,LIN100,N001,10500019,Elena,Martinez,"Licenciado en Filologia",27,24,30,33,87,Aprobado
10000142,Andres,Rojas,Perez,andres.rojas.10000142@test.com,M,Marista,Potosi,"Ingenieria Informatica",700,"Stripe (Tarjetas)",REC-TEST-10000142,MAT100,M002,10500004,Ricardo,Lopez,"Licenciado en Matematicas",21,31,0,29,60,Aprobado
10000142,Andres,Rojas,Perez,andres.rojas.10000142@test.com,M,Marista,Potosi,"Ingenieria Informatica",700,"Stripe (Tarjetas)",REC-TEST-10000142,FIS100,M002,10500005,Jorge,Perez,Fisico,25,9,28,22,59,Reprobado
10000142,Andres,Rojas,Perez,andres.rojas.10000142@test.com,M,Marista,Potosi,"Ingenieria Informatica",700,"Stripe (Tarjetas)",REC-TEST-10000142,INF100,M002,10500006,Carlos,Sanchez,"Ingeniero Informatico",24,13,13,28,54,Reprobado
10000142,Andres,Rojas,Perez,andres.rojas.10000142@test.com,M,Marista,Potosi,"Ingenieria Informatica",700,"Stripe (Tarjetas)",REC-TEST-10000142,LIN100,M002,10500007,Jorge,Gomez,"Licenciado en Filologia",33,0,8,5,13,Reprobado
10000143,Luis,Fernandez,Martinez,luis.fernandez.10000143@test.com,M,"La Salle",Potosi,"Ingenieria en Redes",700,PayPal,REC-TEST-10000143,MAT100,M001,10500000,Maria,Rodriguez,"Licenciado en Matematicas",37,0,22,15,37,Reprobado
10000143,Luis,Fernandez,Martinez,luis.fernandez.10000143@test.com,M,"La Salle",Potosi,"Ingenieria en Redes",700,PayPal,REC-TEST-10000143,FIS100,M001,10500001,Fernando,Garcia,Fisico,11,26,7,26,59,Reprobado
10000143,Luis,Fernandez,Martinez,luis.fernandez.10000143@test.com,M,"La Salle",Potosi,"Ingenieria en Redes",700,PayPal,REC-TEST-10000143,INF100,M001,10500002,Pedro,Lopez,"Ingeniero Informatico",15,11,3,8,22,Reprobado
10000143,Luis,Fernandez,Martinez,luis.fernandez.10000143@test.com,M,"La Salle",Potosi,"Ingenieria en Redes",700,PayPal,REC-TEST-10000143,LIN100,M001,10500003,Pedro,Sanchez,"Licenciado en Filologia",30,11,20,10,41,Reprobado
10000144,Maria,Rodriguez,Vargas,maria.rodriguez.10000144@test.com,F,Evangelico,Tarija,"Ingenieria Informatica",700,"Stripe (Tarjetas)",REC-TEST-10000144,MAT100,N001,10500016,Maria,Fernandez,"Licenciado en Matematicas",16,3,19,21,43,Reprobado
10000144,Maria,Rodriguez,Vargas,maria.rodriguez.10000144@test.com,F,Evangelico,Tarija,"Ingenieria Informatica",700,"Stripe (Tarjetas)",REC-TEST-10000144,FIS100,N001,10500017,Carlos,Gomez,Fisico,27,29,9,10,48,Reprobado
10000144,Maria,Rodriguez,Vargas,maria.rodriguez.10000144@test.com,F,Evangelico,Tarija,"Ingenieria Informatica",700,"Stripe (Tarjetas)",REC-TEST-10000144,INF100,N001,10500018,Paula,Rojas,"Ingeniero Informatico",20,30,28,32,90,Aprobado
10000144,Maria,Rodriguez,Vargas,maria.rodriguez.10000144@test.com,F,Evangelico,Tarija,"Ingenieria Informatica",700,"Stripe (Tarjetas)",REC-TEST-10000144,LIN100,N001,10500019,Elena,Martinez,"Licenciado en Filologia",27,14,26,9,49,Reprobado
10000145,Ana,Gomez,Gomez,ana.gomez.10000145@test.com,F,Marista,Tarija,"Ingenieria Informatica",700,PayPal,REC-TEST-10000145,MAT100,N001,10500016,Maria,Fernandez,"Licenciado en Matematicas",16,31,5,11,47,Reprobado
10000145,Ana,Gomez,Gomez,ana.gomez.10000145@test.com,F,Marista,Tarija,"Ingenieria Informatica",700,PayPal,REC-TEST-10000145,FIS100,N001,10500017,Carlos,Gomez,Fisico,27,26,9,0,35,Reprobado
10000145,Ana,Gomez,Gomez,ana.gomez.10000145@test.com,F,Marista,Tarija,"Ingenieria Informatica",700,PayPal,REC-TEST-10000145,INF100,N001,10500018,Paula,Rojas,"Ingeniero Informatico",20,6,31,19,56,Reprobado
10000145,Ana,Gomez,Gomez,ana.gomez.10000145@test.com,F,Marista,Tarija,"Ingenieria Informatica",700,PayPal,REC-TEST-10000145,LIN100,N001,10500019,Elena,Martinez,"Licenciado en Filologia",27,21,12,12,45,Reprobado
10000146,Carlos,Garcia,Ramirez,carlos.garcia.10000146@test.com,M,"La Salle",Cochabamba,"Ingenieria en Redes",700,"Stripe (Tarjetas)",REC-TEST-10000146,MAT100,M002,10500004,Ricardo,Lopez,"Licenciado en Matematicas",21,0,6,9,15,Reprobado
10000146,Carlos,Garcia,Ramirez,carlos.garcia.10000146@test.com,M,"La Salle",Cochabamba,"Ingenieria en Redes",700,"Stripe (Tarjetas)",REC-TEST-10000146,FIS100,M002,10500005,Jorge,Perez,Fisico,25,33,18,17,68,Aprobado
10000146,Carlos,Garcia,Ramirez,carlos.garcia.10000146@test.com,M,"La Salle",Cochabamba,"Ingenieria en Redes",700,"Stripe (Tarjetas)",REC-TEST-10000146,INF100,M002,10500006,Carlos,Sanchez,"Ingeniero Informatico",24,22,15,30,67,Aprobado
10000146,Carlos,Garcia,Ramirez,carlos.garcia.10000146@test.com,M,"La Salle",Cochabamba,"Ingenieria en Redes",700,"Stripe (Tarjetas)",REC-TEST-10000146,LIN100,M002,10500007,Jorge,Gomez,"Licenciado en Filologia",33,2,14,7,23,Reprobado
10000147,Gabriela,Garcia,Perez,gabriela.garcia.10000147@test.com,F,Espana,"La Paz","Ingenieria de Sistemas",700,PayPal,REC-TEST-10000147,MAT100,M003,10500008,Gabriela,Garcia,"Licenciado en Matematicas",30,4,33,31,68,Aprobado
10000147,Gabriela,Garcia,Perez,gabriela.garcia.10000147@test.com,F,Espana,"La Paz","Ingenieria de Sistemas",700,PayPal,REC-TEST-10000147,FIS100,M003,10500009,Miguel,Perez,Fisico,35,33,21,31,85,Aprobado
10000147,Gabriela,Garcia,Perez,gabriela.garcia.10000147@test.com,F,Espana,"La Paz","Ingenieria de Sistemas",700,PayPal,REC-TEST-10000147,INF100,M003,10500010,Valeria,Vargas,"Ingeniero Informatico",40,14,15,17,46,Reprobado
10000147,Gabriela,Garcia,Perez,gabriela.garcia.10000147@test.com,F,Espana,"La Paz","Ingenieria de Sistemas",700,PayPal,REC-TEST-10000147,LIN100,M003,10500011,Paula,Sanchez,"Licenciado en Filologia",30,32,17,0,49,Reprobado
10000148,Carmen,Perez,Lopez,carmen.perez.10000148@test.com,F,"Don Bosco",Cochabamba,"Ingenieria Informatica",700,"Transferencia Bancaria",REC-TEST-10000148,MAT100,T001,10500012,Andres,Gomez,"Licenciado en Matematicas",34,7,26,2,35,Reprobado
10000148,Carmen,Perez,Lopez,carmen.perez.10000148@test.com,F,"Don Bosco",Cochabamba,"Ingenieria Informatica",700,"Transferencia Bancaria",REC-TEST-10000148,FIS100,T001,10500013,Sofia,Rojas,Fisico,40,1,25,7,33,Reprobado
10000148,Carmen,Perez,Lopez,carmen.perez.10000148@test.com,F,"Don Bosco",Cochabamba,"Ingenieria Informatica",700,"Transferencia Bancaria",REC-TEST-10000148,INF100,T001,10500014,Marta,Fernandez,"Ingeniero Informatico",20,13,8,26,47,Reprobado
10000148,Carmen,Perez,Lopez,carmen.perez.10000148@test.com,F,"Don Bosco",Cochabamba,"Ingenieria Informatica",700,"Transferencia Bancaria",REC-TEST-10000148,LIN100,T001,10500015,Jorge,Sanchez,"Licenciado en Filologia",28,23,31,0,54,Reprobado
10000149,Gabriela,Rojas,Ramirez,gabriela.rojas.10000149@test.com,F,Evangelico,Potosi,"Ingenieria Informatica",700,"Transferencia Bancaria",REC-TEST-10000149,MAT100,T001,10500012,Andres,Gomez,"Licenciado en Matematicas",34,9,12,19,40,Reprobado
10000149,Gabriela,Rojas,Ramirez,gabriela.rojas.10000149@test.com,F,Evangelico,Potosi,"Ingenieria Informatica",700,"Transferencia Bancaria",REC-TEST-10000149,FIS100,T001,10500013,Sofia,Rojas,Fisico,40,30,23,11,64,Aprobado
10000149,Gabriela,Rojas,Ramirez,gabriela.rojas.10000149@test.com,F,Evangelico,Potosi,"Ingenieria Informatica",700,"Transferencia Bancaria",REC-TEST-10000149,INF100,T001,10500014,Marta,Fernandez,"Ingeniero Informatico",20,19,13,34,66,Aprobado
10000149,Gabriela,Rojas,Ramirez,gabriela.rojas.10000149@test.com,F,Evangelico,Potosi,"Ingenieria Informatica",700,"Transferencia Bancaria",REC-TEST-10000149,LIN100,T001,10500015,Jorge,Sanchez,"Licenciado en Filologia",28,6,0,0,6,Reprobado
10000150,Maria,Gomez,Lopez,maria.gomez.10000150@test.com,F,Marista,Tarija,"Ingenieria Informatica",700,PayPal,REC-TEST-10000150,MAT100,N001,10500016,Maria,Fernandez,"Licenciado en Matematicas",16,0,18,6,24,Reprobado
10000150,Maria,Gomez,Lopez,maria.gomez.10000150@test.com,F,Marista,Tarija,"Ingenieria Informatica",700,PayPal,REC-TEST-10000150,FIS100,N001,10500017,Carlos,Gomez,Fisico,27,21,29,18,68,Aprobado
10000150,Maria,Gomez,Lopez,maria.gomez.10000150@test.com,F,Marista,Tarija,"Ingenieria Informatica",700,PayPal,REC-TEST-10000150,INF100,N001,10500018,Paula,Rojas,"Ingeniero Informatico",20,9,31,16,56,Reprobado
10000150,Maria,Gomez,Lopez,maria.gomez.10000150@test.com,F,Marista,Tarija,"Ingenieria Informatica",700,PayPal,REC-TEST-10000150,LIN100,N001,10500019,Elena,Martinez,"Licenciado en Filologia",27,0,10,19,29,Reprobado
10000151,Lucia,Torres,Sanchez,lucia.torres.10000151@test.com,F,Uboldi,"La Paz","Ingenieria Informatica",700,"Transferencia Bancaria",REC-TEST-10000151,MAT100,M003,10500008,Gabriela,Garcia,"Licenciado en Matematicas",30,22,30,27,79,Aprobado
10000151,Lucia,Torres,Sanchez,lucia.torres.10000151@test.com,F,Uboldi,"La Paz","Ingenieria Informatica",700,"Transferencia Bancaria",REC-TEST-10000151,FIS100,M003,10500009,Miguel,Perez,Fisico,35,3,29,31,63,Aprobado
10000151,Lucia,Torres,Sanchez,lucia.torres.10000151@test.com,F,Uboldi,"La Paz","Ingenieria Informatica",700,"Transferencia Bancaria",REC-TEST-10000151,INF100,M003,10500010,Valeria,Vargas,"Ingeniero Informatico",40,18,33,25,76,Aprobado
10000151,Lucia,Torres,Sanchez,lucia.torres.10000151@test.com,F,Uboldi,"La Paz","Ingenieria Informatica",700,"Transferencia Bancaria",REC-TEST-10000151,LIN100,M003,10500011,Paula,Sanchez,"Licenciado en Filologia",30,2,26,18,46,Reprobado
10000152,Carlos,Gomez,Rodriguez,carlos.gomez.10000152@test.com,M,Uboldi,Pando,"Ingenieria en Redes",700,PayPal,REC-TEST-10000152,MAT100,N001,10500016,Maria,Fernandez,"Licenciado en Matematicas",16,10,21,18,49,Reprobado
10000152,Carlos,Gomez,Rodriguez,carlos.gomez.10000152@test.com,M,Uboldi,Pando,"Ingenieria en Redes",700,PayPal,REC-TEST-10000152,FIS100,N001,10500017,Carlos,Gomez,Fisico,27,30,24,32,86,Aprobado
10000152,Carlos,Gomez,Rodriguez,carlos.gomez.10000152@test.com,M,Uboldi,Pando,"Ingenieria en Redes",700,PayPal,REC-TEST-10000152,INF100,N001,10500018,Paula,Rojas,"Ingeniero Informatico",20,24,16,17,57,Reprobado
10000152,Carlos,Gomez,Rodriguez,carlos.gomez.10000152@test.com,M,Uboldi,Pando,"Ingenieria en Redes",700,PayPal,REC-TEST-10000152,LIN100,N001,10500019,Elena,Martinez,"Licenciado en Filologia",27,27,18,12,57,Reprobado
10000153,Lucia,Garcia,Vargas,lucia.garcia.10000153@test.com,F,"Nacional Florida","La Paz","Ingenieria de Sistemas",700,"Transferencia Bancaria",REC-TEST-10000153,MAT100,T001,10500012,Andres,Gomez,"Licenciado en Matematicas",34,16,19,2,37,Reprobado
10000153,Lucia,Garcia,Vargas,lucia.garcia.10000153@test.com,F,"Nacional Florida","La Paz","Ingenieria de Sistemas",700,"Transferencia Bancaria",REC-TEST-10000153,FIS100,T001,10500013,Sofia,Rojas,Fisico,40,2,20,0,22,Reprobado
10000153,Lucia,Garcia,Vargas,lucia.garcia.10000153@test.com,F,"Nacional Florida","La Paz","Ingenieria de Sistemas",700,"Transferencia Bancaria",REC-TEST-10000153,INF100,T001,10500014,Marta,Fernandez,"Ingeniero Informatico",20,33,15,25,73,Aprobado
10000153,Lucia,Garcia,Vargas,lucia.garcia.10000153@test.com,F,"Nacional Florida","La Paz","Ingenieria de Sistemas",700,"Transferencia Bancaria",REC-TEST-10000153,LIN100,T001,10500015,Jorge,Sanchez,"Licenciado en Filologia",28,26,29,21,76,Aprobado
10000154,Roberto,Ramirez,Perez,roberto.ramirez.10000154@test.com,M,Evangelico,Potosi,"Ingenieria Informatica",700,"Stripe (Tarjetas)",REC-TEST-10000154,MAT100,M001,10500000,Maria,Rodriguez,"Licenciado en Matematicas",37,0,24,7,31,Reprobado
10000154,Roberto,Ramirez,Perez,roberto.ramirez.10000154@test.com,M,Evangelico,Potosi,"Ingenieria Informatica",700,"Stripe (Tarjetas)",REC-TEST-10000154,FIS100,M001,10500001,Fernando,Garcia,Fisico,11,9,27,16,52,Reprobado
10000154,Roberto,Ramirez,Perez,roberto.ramirez.10000154@test.com,M,Evangelico,Potosi,"Ingenieria Informatica",700,"Stripe (Tarjetas)",REC-TEST-10000154,INF100,M001,10500002,Pedro,Lopez,"Ingeniero Informatico",15,26,0,22,48,Reprobado
10000154,Roberto,Ramirez,Perez,roberto.ramirez.10000154@test.com,M,Evangelico,Potosi,"Ingenieria Informatica",700,"Stripe (Tarjetas)",REC-TEST-10000154,LIN100,M001,10500003,Pedro,Sanchez,"Licenciado en Filologia",30,5,10,8,23,Reprobado
10000155,Lucia,Lopez,Vargas,lucia.lopez.10000155@test.com,F,"Don Bosco",Cochabamba,"Ingenieria Informatica",700,PayPal,REC-TEST-10000155,MAT100,M003,10500008,Gabriela,Garcia,"Licenciado en Matematicas",30,4,32,34,70,Aprobado
10000155,Lucia,Lopez,Vargas,lucia.lopez.10000155@test.com,F,"Don Bosco",Cochabamba,"Ingenieria Informatica",700,PayPal,REC-TEST-10000155,FIS100,M003,10500009,Miguel,Perez,Fisico,35,26,7,28,61,Aprobado
10000155,Lucia,Lopez,Vargas,lucia.lopez.10000155@test.com,F,"Don Bosco",Cochabamba,"Ingenieria Informatica",700,PayPal,REC-TEST-10000155,INF100,M003,10500010,Valeria,Vargas,"Ingeniero Informatico",40,12,0,1,13,Reprobado
10000155,Lucia,Lopez,Vargas,lucia.lopez.10000155@test.com,F,"Don Bosco",Cochabamba,"Ingenieria Informatica",700,PayPal,REC-TEST-10000155,LIN100,M003,10500011,Paula,Sanchez,"Licenciado en Filologia",30,6,28,13,47,Reprobado
10000156,Diego,Lopez,Torres,diego.lopez.10000156@test.com,M,"Nacional Florida",Potosi,"Ingenieria Informatica",700,"Transferencia Bancaria",REC-TEST-10000156,MAT100,T001,10500012,Andres,Gomez,"Licenciado en Matematicas",34,14,14,21,49,Reprobado
10000156,Diego,Lopez,Torres,diego.lopez.10000156@test.com,M,"Nacional Florida",Potosi,"Ingenieria Informatica",700,"Transferencia Bancaria",REC-TEST-10000156,FIS100,T001,10500013,Sofia,Rojas,Fisico,40,24,11,12,47,Reprobado
10000156,Diego,Lopez,Torres,diego.lopez.10000156@test.com,M,"Nacional Florida",Potosi,"Ingenieria Informatica",700,"Transferencia Bancaria",REC-TEST-10000156,INF100,T001,10500014,Marta,Fernandez,"Ingeniero Informatico",20,28,26,14,68,Aprobado
10000156,Diego,Lopez,Torres,diego.lopez.10000156@test.com,M,"Nacional Florida",Potosi,"Ingenieria Informatica",700,"Transferencia Bancaria",REC-TEST-10000156,LIN100,T001,10500015,Jorge,Sanchez,"Licenciado en Filologia",28,20,25,29,74,Aprobado
10000157,Lucia,Garcia,Rodriguez,lucia.garcia.10000157@test.com,F,"Domingo Savio","La Paz","Ingenieria en Redes",700,"Transferencia Bancaria",REC-TEST-10000157,MAT100,T001,10500012,Andres,Gomez,"Licenciado en Matematicas",34,30,12,16,58,Reprobado
10000157,Lucia,Garcia,Rodriguez,lucia.garcia.10000157@test.com,F,"Domingo Savio","La Paz","Ingenieria en Redes",700,"Transferencia Bancaria",REC-TEST-10000157,FIS100,T001,10500013,Sofia,Rojas,Fisico,40,25,18,27,70,Aprobado
10000157,Lucia,Garcia,Rodriguez,lucia.garcia.10000157@test.com,F,"Domingo Savio","La Paz","Ingenieria en Redes",700,"Transferencia Bancaria",REC-TEST-10000157,INF100,T001,10500014,Marta,Fernandez,"Ingeniero Informatico",20,23,28,18,69,Aprobado
10000157,Lucia,Garcia,Rodriguez,lucia.garcia.10000157@test.com,F,"Domingo Savio","La Paz","Ingenieria en Redes",700,"Transferencia Bancaria",REC-TEST-10000157,LIN100,T001,10500015,Jorge,Sanchez,"Licenciado en Filologia",28,20,20,3,43,Reprobado
10000158,Gabriela,Rodriguez,Rojas,gabriela.rodriguez.10000158@test.com,F,"Nacional Florida","Santa Cruz","Ingenieria de Sistemas",700,"Transferencia Bancaria",REC-TEST-10000158,MAT100,T001,10500012,Andres,Gomez,"Licenciado en Matematicas",34,24,3,21,48,Reprobado
10000158,Gabriela,Rodriguez,Rojas,gabriela.rodriguez.10000158@test.com,F,"Nacional Florida","Santa Cruz","Ingenieria de Sistemas",700,"Transferencia Bancaria",REC-TEST-10000158,FIS100,T001,10500013,Sofia,Rojas,Fisico,40,23,31,3,57,Reprobado
10000158,Gabriela,Rodriguez,Rojas,gabriela.rodriguez.10000158@test.com,F,"Nacional Florida","Santa Cruz","Ingenieria de Sistemas",700,"Transferencia Bancaria",REC-TEST-10000158,INF100,T001,10500014,Marta,Fernandez,"Ingeniero Informatico",20,29,3,12,44,Reprobado
10000158,Gabriela,Rodriguez,Rojas,gabriela.rodriguez.10000158@test.com,F,"Nacional Florida","Santa Cruz","Ingenieria de Sistemas",700,"Transferencia Bancaria",REC-TEST-10000158,LIN100,T001,10500015,Jorge,Sanchez,"Licenciado en Filologia",28,31,8,17,56,Reprobado
10000159,Roberto,Sanchez,Rodriguez,roberto.sanchez.10000159@test.com,M,"La Salle",Pando,"Ingenieria en Redes",700,"Transferencia Bancaria",REC-TEST-10000159,MAT100,M002,10500004,Ricardo,Lopez,"Licenciado en Matematicas",21,24,32,25,81,Aprobado
10000159,Roberto,Sanchez,Rodriguez,roberto.sanchez.10000159@test.com,M,"La Salle",Pando,"Ingenieria en Redes",700,"Transferencia Bancaria",REC-TEST-10000159,FIS100,M002,10500005,Jorge,Perez,Fisico,25,31,2,24,57,Reprobado
10000159,Roberto,Sanchez,Rodriguez,roberto.sanchez.10000159@test.com,M,"La Salle",Pando,"Ingenieria en Redes",700,"Transferencia Bancaria",REC-TEST-10000159,INF100,M002,10500006,Carlos,Sanchez,"Ingeniero Informatico",24,6,31,9,46,Reprobado
10000159,Roberto,Sanchez,Rodriguez,roberto.sanchez.10000159@test.com,M,"La Salle",Pando,"Ingenieria en Redes",700,"Transferencia Bancaria",REC-TEST-10000159,LIN100,M002,10500007,Jorge,Gomez,"Licenciado en Filologia",33,15,21,15,51,Reprobado
10000160,Luis,Fernandez,Garcia,luis.fernandez.10000160@test.com,M,Espana,Pando,"Ingenieria en Redes",700,"Stripe (Tarjetas)",REC-TEST-10000160,MAT100,M001,10500000,Maria,Rodriguez,"Licenciado en Matematicas",37,4,16,12,32,Reprobado
10000160,Luis,Fernandez,Garcia,luis.fernandez.10000160@test.com,M,Espana,Pando,"Ingenieria en Redes",700,"Stripe (Tarjetas)",REC-TEST-10000160,FIS100,M001,10500001,Fernando,Garcia,Fisico,11,13,3,21,37,Reprobado
10000160,Luis,Fernandez,Garcia,luis.fernandez.10000160@test.com,M,Espana,Pando,"Ingenieria en Redes",700,"Stripe (Tarjetas)",REC-TEST-10000160,INF100,M001,10500002,Pedro,Lopez,"Ingeniero Informatico",15,15,24,18,57,Reprobado
10000160,Luis,Fernandez,Garcia,luis.fernandez.10000160@test.com,M,Espana,Pando,"Ingenieria en Redes",700,"Stripe (Tarjetas)",REC-TEST-10000160,LIN100,M001,10500003,Pedro,Sanchez,"Licenciado en Filologia",30,6,12,16,34,Reprobado
10000161,Jose,Gomez,Rodriguez,jose.gomez.10000161@test.com,M,Marista,"La Paz","Ingenieria de Sistemas",700,PayPal,REC-TEST-10000161,MAT100,T001,10500012,Andres,Gomez,"Licenciado en Matematicas",34,15,31,7,53,Reprobado
10000161,Jose,Gomez,Rodriguez,jose.gomez.10000161@test.com,M,Marista,"La Paz","Ingenieria de Sistemas",700,PayPal,REC-TEST-10000161,FIS100,T001,10500013,Sofia,Rojas,Fisico,40,2,2,17,21,Reprobado
10000161,Jose,Gomez,Rodriguez,jose.gomez.10000161@test.com,M,Marista,"La Paz","Ingenieria de Sistemas",700,PayPal,REC-TEST-10000161,INF100,T001,10500014,Marta,Fernandez,"Ingeniero Informatico",20,25,30,24,79,Aprobado
10000161,Jose,Gomez,Rodriguez,jose.gomez.10000161@test.com,M,Marista,"La Paz","Ingenieria de Sistemas",700,PayPal,REC-TEST-10000161,LIN100,T001,10500015,Jorge,Sanchez,"Licenciado en Filologia",28,14,15,4,33,Reprobado
10000162,Miguel,Perez,Fernandez,miguel.perez.10000162@test.com,M,"Don Bosco",Beni,"Ingenieria en Redes",700,"Transferencia Bancaria",REC-TEST-10000162,MAT100,M002,10500004,Ricardo,Lopez,"Licenciado en Matematicas",21,15,26,9,50,Reprobado
10000162,Miguel,Perez,Fernandez,miguel.perez.10000162@test.com,M,"Don Bosco",Beni,"Ingenieria en Redes",700,"Transferencia Bancaria",REC-TEST-10000162,FIS100,M002,10500005,Jorge,Perez,Fisico,25,14,0,33,47,Reprobado
10000162,Miguel,Perez,Fernandez,miguel.perez.10000162@test.com,M,"Don Bosco",Beni,"Ingenieria en Redes",700,"Transferencia Bancaria",REC-TEST-10000162,INF100,M002,10500006,Carlos,Sanchez,"Ingeniero Informatico",24,33,8,4,45,Reprobado
10000162,Miguel,Perez,Fernandez,miguel.perez.10000162@test.com,M,"Don Bosco",Beni,"Ingenieria en Redes",700,"Transferencia Bancaria",REC-TEST-10000162,LIN100,M002,10500007,Jorge,Gomez,"Licenciado en Filologia",33,26,6,2,34,Reprobado
10000163,Juan,Torres,Sanchez,juan.torres.10000163@test.com,M,"Nacional Florida",Tarija,"Ingenieria en Redes",700,PayPal,REC-TEST-10000163,MAT100,M001,10500000,Maria,Rodriguez,"Licenciado en Matematicas",37,7,6,15,28,Reprobado
10000163,Juan,Torres,Sanchez,juan.torres.10000163@test.com,M,"Nacional Florida",Tarija,"Ingenieria en Redes",700,PayPal,REC-TEST-10000163,FIS100,M001,10500001,Fernando,Garcia,Fisico,11,17,1,16,34,Reprobado
10000163,Juan,Torres,Sanchez,juan.torres.10000163@test.com,M,"Nacional Florida",Tarija,"Ingenieria en Redes",700,PayPal,REC-TEST-10000163,INF100,M001,10500002,Pedro,Lopez,"Ingeniero Informatico",15,20,27,6,53,Reprobado
10000163,Juan,Torres,Sanchez,juan.torres.10000163@test.com,M,"Nacional Florida",Tarija,"Ingenieria en Redes",700,PayPal,REC-TEST-10000163,LIN100,M001,10500003,Pedro,Sanchez,"Licenciado en Filologia",30,2,32,17,51,Reprobado
10000164,Juan,Torres,Rodriguez,juan.torres.10000164@test.com,M,Uboldi,Tarija,"Ingenieria en Redes",700,PayPal,REC-TEST-10000164,MAT100,T001,10500012,Andres,Gomez,"Licenciado en Matematicas",34,22,31,19,72,Aprobado
10000164,Juan,Torres,Rodriguez,juan.torres.10000164@test.com,M,Uboldi,Tarija,"Ingenieria en Redes",700,PayPal,REC-TEST-10000164,FIS100,T001,10500013,Sofia,Rojas,Fisico,40,2,21,12,35,Reprobado
10000164,Juan,Torres,Rodriguez,juan.torres.10000164@test.com,M,Uboldi,Tarija,"Ingenieria en Redes",700,PayPal,REC-TEST-10000164,INF100,T001,10500014,Marta,Fernandez,"Ingeniero Informatico",20,29,13,31,73,Aprobado
10000164,Juan,Torres,Rodriguez,juan.torres.10000164@test.com,M,Uboldi,Tarija,"Ingenieria en Redes",700,PayPal,REC-TEST-10000164,LIN100,T001,10500015,Jorge,Sanchez,"Licenciado en Filologia",28,17,2,25,44,Reprobado
10000165,Pedro,Gomez,Rojas,pedro.gomez.10000165@test.com,M,Espana,"La Paz","Ingenieria de Sistemas",700,"Stripe (Tarjetas)",REC-TEST-10000165,MAT100,M001,10500000,Maria,Rodriguez,"Licenciado en Matematicas",37,30,0,15,45,Reprobado
10000165,Pedro,Gomez,Rojas,pedro.gomez.10000165@test.com,M,Espana,"La Paz","Ingenieria de Sistemas",700,"Stripe (Tarjetas)",REC-TEST-10000165,FIS100,M001,10500001,Fernando,Garcia,Fisico,11,21,10,26,57,Reprobado
10000165,Pedro,Gomez,Rojas,pedro.gomez.10000165@test.com,M,Espana,"La Paz","Ingenieria de Sistemas",700,"Stripe (Tarjetas)",REC-TEST-10000165,INF100,M001,10500002,Pedro,Lopez,"Ingeniero Informatico",15,5,28,33,66,Aprobado
10000165,Pedro,Gomez,Rojas,pedro.gomez.10000165@test.com,M,Espana,"La Paz","Ingenieria de Sistemas",700,"Stripe (Tarjetas)",REC-TEST-10000165,LIN100,M001,10500003,Pedro,Sanchez,"Licenciado en Filologia",30,16,19,12,47,Reprobado
10000166,Marta,Vargas,Ramirez,marta.vargas.10000166@test.com,F,"Nacional Florida",Cochabamba,"Ingenieria de Sistemas",700,PayPal,REC-TEST-10000166,MAT100,N001,10500016,Maria,Fernandez,"Licenciado en Matematicas",16,18,26,4,48,Reprobado
10000166,Marta,Vargas,Ramirez,marta.vargas.10000166@test.com,F,"Nacional Florida",Cochabamba,"Ingenieria de Sistemas",700,PayPal,REC-TEST-10000166,FIS100,N001,10500017,Carlos,Gomez,Fisico,27,33,14,0,47,Reprobado
10000166,Marta,Vargas,Ramirez,marta.vargas.10000166@test.com,F,"Nacional Florida",Cochabamba,"Ingenieria de Sistemas",700,PayPal,REC-TEST-10000166,INF100,N001,10500018,Paula,Rojas,"Ingeniero Informatico",20,7,23,10,40,Reprobado
10000166,Marta,Vargas,Ramirez,marta.vargas.10000166@test.com,F,"Nacional Florida",Cochabamba,"Ingenieria de Sistemas",700,PayPal,REC-TEST-10000166,LIN100,N001,10500019,Elena,Martinez,"Licenciado en Filologia",27,19,19,25,63,Aprobado
10000167,Carmen,Ramirez,Gomez,carmen.ramirez.10000167@test.com,F,"La Salle","Santa Cruz","Ingenieria de Sistemas",700,"Stripe (Tarjetas)",REC-TEST-10000167,MAT100,N001,10500016,Maria,Fernandez,"Licenciado en Matematicas",16,24,21,21,66,Aprobado
10000167,Carmen,Ramirez,Gomez,carmen.ramirez.10000167@test.com,F,"La Salle","Santa Cruz","Ingenieria de Sistemas",700,"Stripe (Tarjetas)",REC-TEST-10000167,FIS100,N001,10500017,Carlos,Gomez,Fisico,27,1,25,23,49,Reprobado
10000167,Carmen,Ramirez,Gomez,carmen.ramirez.10000167@test.com,F,"La Salle","Santa Cruz","Ingenieria de Sistemas",700,"Stripe (Tarjetas)",REC-TEST-10000167,INF100,N001,10500018,Paula,Rojas,"Ingeniero Informatico",20,14,3,19,36,Reprobado
10000167,Carmen,Ramirez,Gomez,carmen.ramirez.10000167@test.com,F,"La Salle","Santa Cruz","Ingenieria de Sistemas",700,"Stripe (Tarjetas)",REC-TEST-10000167,LIN100,N001,10500019,Elena,Martinez,"Licenciado en Filologia",27,9,18,4,31,Reprobado
10000168,Laura,Vargas,Sanchez,laura.vargas.10000168@test.com,F,"Don Bosco","Santa Cruz","Ingenieria Informatica",700,"Transferencia Bancaria",REC-TEST-10000168,MAT100,M002,10500004,Ricardo,Lopez,"Licenciado en Matematicas",21,14,11,18,43,Reprobado
10000168,Laura,Vargas,Sanchez,laura.vargas.10000168@test.com,F,"Don Bosco","Santa Cruz","Ingenieria Informatica",700,"Transferencia Bancaria",REC-TEST-10000168,FIS100,M002,10500005,Jorge,Perez,Fisico,25,0,17,14,31,Reprobado
10000168,Laura,Vargas,Sanchez,laura.vargas.10000168@test.com,F,"Don Bosco","Santa Cruz","Ingenieria Informatica",700,"Transferencia Bancaria",REC-TEST-10000168,INF100,M002,10500006,Carlos,Sanchez,"Ingeniero Informatico",24,32,0,9,41,Reprobado
10000168,Laura,Vargas,Sanchez,laura.vargas.10000168@test.com,F,"Don Bosco","Santa Cruz","Ingenieria Informatica",700,"Transferencia Bancaria",REC-TEST-10000168,LIN100,M002,10500007,Jorge,Gomez,"Licenciado en Filologia",33,12,24,13,49,Reprobado
10000169,Ricardo,Sanchez,Torres,ricardo.sanchez.10000169@test.com,M,"La Salle","Santa Cruz","Ingenieria Informatica",700,"Stripe (Tarjetas)",REC-TEST-10000169,MAT100,M001,10500000,Maria,Rodriguez,"Licenciado en Matematicas",37,0,19,20,39,Reprobado
10000169,Ricardo,Sanchez,Torres,ricardo.sanchez.10000169@test.com,M,"La Salle","Santa Cruz","Ingenieria Informatica",700,"Stripe (Tarjetas)",REC-TEST-10000169,FIS100,M001,10500001,Fernando,Garcia,Fisico,11,30,20,12,62,Aprobado
10000169,Ricardo,Sanchez,Torres,ricardo.sanchez.10000169@test.com,M,"La Salle","Santa Cruz","Ingenieria Informatica",700,"Stripe (Tarjetas)",REC-TEST-10000169,INF100,M001,10500002,Pedro,Lopez,"Ingeniero Informatico",15,8,7,14,29,Reprobado
10000169,Ricardo,Sanchez,Torres,ricardo.sanchez.10000169@test.com,M,"La Salle","Santa Cruz","Ingenieria Informatica",700,"Stripe (Tarjetas)",REC-TEST-10000169,LIN100,M001,10500003,Pedro,Sanchez,"Licenciado en Filologia",30,31,18,31,80,Aprobado
10000170,Fernando,Sanchez,Vargas,fernando.sanchez.10000170@test.com,M,"Domingo Savio",Pando,"Ingenieria en Redes",700,"Stripe (Tarjetas)",REC-TEST-10000170,MAT100,T001,10500012,Andres,Gomez,"Licenciado en Matematicas",34,32,14,21,67,Aprobado
10000170,Fernando,Sanchez,Vargas,fernando.sanchez.10000170@test.com,M,"Domingo Savio",Pando,"Ingenieria en Redes",700,"Stripe (Tarjetas)",REC-TEST-10000170,FIS100,T001,10500013,Sofia,Rojas,Fisico,40,13,3,12,28,Reprobado
10000170,Fernando,Sanchez,Vargas,fernando.sanchez.10000170@test.com,M,"Domingo Savio",Pando,"Ingenieria en Redes",700,"Stripe (Tarjetas)",REC-TEST-10000170,INF100,T001,10500014,Marta,Fernandez,"Ingeniero Informatico",20,14,0,33,47,Reprobado
10000170,Fernando,Sanchez,Vargas,fernando.sanchez.10000170@test.com,M,"Domingo Savio",Pando,"Ingenieria en Redes",700,"Stripe (Tarjetas)",REC-TEST-10000170,LIN100,T001,10500015,Jorge,Sanchez,"Licenciado en Filologia",28,29,32,19,80,Aprobado
10000171,Marta,Rojas,Rojas,marta.rojas.10000171@test.com,F,Evangelico,Potosi,"Ingenieria de Sistemas",700,"Transferencia Bancaria",REC-TEST-10000171,MAT100,M002,10500004,Ricardo,Lopez,"Licenciado en Matematicas",21,31,5,27,63,Aprobado
10000171,Marta,Rojas,Rojas,marta.rojas.10000171@test.com,F,Evangelico,Potosi,"Ingenieria de Sistemas",700,"Transferencia Bancaria",REC-TEST-10000171,FIS100,M002,10500005,Jorge,Perez,Fisico,25,13,20,32,65,Aprobado
10000171,Marta,Rojas,Rojas,marta.rojas.10000171@test.com,F,Evangelico,Potosi,"Ingenieria de Sistemas",700,"Transferencia Bancaria",REC-TEST-10000171,INF100,M002,10500006,Carlos,Sanchez,"Ingeniero Informatico",24,16,20,3,39,Reprobado
10000171,Marta,Rojas,Rojas,marta.rojas.10000171@test.com,F,Evangelico,Potosi,"Ingenieria de Sistemas",700,"Transferencia Bancaria",REC-TEST-10000171,LIN100,M002,10500007,Jorge,Gomez,"Licenciado en Filologia",33,10,32,16,58,Reprobado
10000172,Juan,Perez,Vargas,juan.perez.10000172@test.com,M,"La Salle","La Paz","Ingenieria Informatica",700,PayPal,REC-TEST-10000172,MAT100,M001,10500000,Maria,Rodriguez,"Licenciado en Matematicas",37,30,22,16,68,Aprobado
10000172,Juan,Perez,Vargas,juan.perez.10000172@test.com,M,"La Salle","La Paz","Ingenieria Informatica",700,PayPal,REC-TEST-10000172,FIS100,M001,10500001,Fernando,Garcia,Fisico,11,24,0,18,42,Reprobado
10000172,Juan,Perez,Vargas,juan.perez.10000172@test.com,M,"La Salle","La Paz","Ingenieria Informatica",700,PayPal,REC-TEST-10000172,INF100,M001,10500002,Pedro,Lopez,"Ingeniero Informatico",15,8,28,1,37,Reprobado
10000172,Juan,Perez,Vargas,juan.perez.10000172@test.com,M,"La Salle","La Paz","Ingenieria Informatica",700,PayPal,REC-TEST-10000172,LIN100,M001,10500003,Pedro,Sanchez,"Licenciado en Filologia",30,33,0,13,46,Reprobado
10000173,Maria,Garcia,Lopez,maria.garcia.10000173@test.com,F,"Nacional Florida","La Paz","Ingenieria Informatica",700,"Stripe (Tarjetas)",REC-TEST-10000173,MAT100,T001,10500012,Andres,Gomez,"Licenciado en Matematicas",34,17,10,28,55,Reprobado
10000173,Maria,Garcia,Lopez,maria.garcia.10000173@test.com,F,"Nacional Florida","La Paz","Ingenieria Informatica",700,"Stripe (Tarjetas)",REC-TEST-10000173,FIS100,T001,10500013,Sofia,Rojas,Fisico,40,31,6,34,71,Aprobado
10000173,Maria,Garcia,Lopez,maria.garcia.10000173@test.com,F,"Nacional Florida","La Paz","Ingenieria Informatica",700,"Stripe (Tarjetas)",REC-TEST-10000173,INF100,T001,10500014,Marta,Fernandez,"Ingeniero Informatico",20,13,19,17,49,Reprobado
10000173,Maria,Garcia,Lopez,maria.garcia.10000173@test.com,F,"Nacional Florida","La Paz","Ingenieria Informatica",700,"Stripe (Tarjetas)",REC-TEST-10000173,LIN100,T001,10500015,Jorge,Sanchez,"Licenciado en Filologia",28,33,14,19,66,Aprobado
10000174,Elena,Fernandez,Lopez,elena.fernandez.10000174@test.com,F,"Nacional Florida","Santa Cruz","Ingenieria Informatica",700,"Transferencia Bancaria",REC-TEST-10000174,MAT100,M003,10500008,Gabriela,Garcia,"Licenciado en Matematicas",30,8,26,7,41,Reprobado
10000174,Elena,Fernandez,Lopez,elena.fernandez.10000174@test.com,F,"Nacional Florida","Santa Cruz","Ingenieria Informatica",700,"Transferencia Bancaria",REC-TEST-10000174,FIS100,M003,10500009,Miguel,Perez,Fisico,35,7,30,28,65,Aprobado
10000174,Elena,Fernandez,Lopez,elena.fernandez.10000174@test.com,F,"Nacional Florida","Santa Cruz","Ingenieria Informatica",700,"Transferencia Bancaria",REC-TEST-10000174,INF100,M003,10500010,Valeria,Vargas,"Ingeniero Informatico",40,13,23,32,68,Aprobado
10000174,Elena,Fernandez,Lopez,elena.fernandez.10000174@test.com,F,"Nacional Florida","Santa Cruz","Ingenieria Informatica",700,"Transferencia Bancaria",REC-TEST-10000174,LIN100,M003,10500011,Paula,Sanchez,"Licenciado en Filologia",30,8,8,0,16,Reprobado
10000175,Miguel,Ramirez,Rodriguez,miguel.ramirez.10000175@test.com,M,Espana,Pando,"Ingenieria de Sistemas",700,PayPal,REC-TEST-10000175,MAT100,N001,10500016,Maria,Fernandez,"Licenciado en Matematicas",16,22,24,21,67,Aprobado
10000175,Miguel,Ramirez,Rodriguez,miguel.ramirez.10000175@test.com,M,Espana,Pando,"Ingenieria de Sistemas",700,PayPal,REC-TEST-10000175,FIS100,N001,10500017,Carlos,Gomez,Fisico,27,1,8,32,41,Reprobado
10000175,Miguel,Ramirez,Rodriguez,miguel.ramirez.10000175@test.com,M,Espana,Pando,"Ingenieria de Sistemas",700,PayPal,REC-TEST-10000175,INF100,N001,10500018,Paula,Rojas,"Ingeniero Informatico",20,33,28,6,67,Aprobado
10000175,Miguel,Ramirez,Rodriguez,miguel.ramirez.10000175@test.com,M,Espana,Pando,"Ingenieria de Sistemas",700,PayPal,REC-TEST-10000175,LIN100,N001,10500019,Elena,Martinez,"Licenciado en Filologia",27,5,22,13,40,Reprobado
10000176,Jose,Ramirez,Perez,jose.ramirez.10000176@test.com,M,"Nacional Florida",Beni,"Ingenieria de Sistemas",700,PayPal,REC-TEST-10000176,MAT100,N001,10500016,Maria,Fernandez,"Licenciado en Matematicas",16,5,29,23,57,Reprobado
10000176,Jose,Ramirez,Perez,jose.ramirez.10000176@test.com,M,"Nacional Florida",Beni,"Ingenieria de Sistemas",700,PayPal,REC-TEST-10000176,FIS100,N001,10500017,Carlos,Gomez,Fisico,27,10,0,0,10,Reprobado
10000176,Jose,Ramirez,Perez,jose.ramirez.10000176@test.com,M,"Nacional Florida",Beni,"Ingenieria de Sistemas",700,PayPal,REC-TEST-10000176,INF100,N001,10500018,Paula,Rojas,"Ingeniero Informatico",20,29,3,18,50,Reprobado
10000176,Jose,Ramirez,Perez,jose.ramirez.10000176@test.com,M,"Nacional Florida",Beni,"Ingenieria de Sistemas",700,PayPal,REC-TEST-10000176,LIN100,N001,10500019,Elena,Martinez,"Licenciado en Filologia",27,5,8,22,35,Reprobado
10000177,Juan,Sanchez,Rodriguez,juan.sanchez.10000177@test.com,M,Evangelico,Pando,"Ingenieria en Redes",700,PayPal,REC-TEST-10000177,MAT100,N001,10500016,Maria,Fernandez,"Licenciado en Matematicas",16,9,12,2,23,Reprobado
10000177,Juan,Sanchez,Rodriguez,juan.sanchez.10000177@test.com,M,Evangelico,Pando,"Ingenieria en Redes",700,PayPal,REC-TEST-10000177,FIS100,N001,10500017,Carlos,Gomez,Fisico,27,25,24,22,71,Aprobado
10000177,Juan,Sanchez,Rodriguez,juan.sanchez.10000177@test.com,M,Evangelico,Pando,"Ingenieria en Redes",700,PayPal,REC-TEST-10000177,INF100,N001,10500018,Paula,Rojas,"Ingeniero Informatico",20,14,5,32,51,Reprobado
10000177,Juan,Sanchez,Rodriguez,juan.sanchez.10000177@test.com,M,Evangelico,Pando,"Ingenieria en Redes",700,PayPal,REC-TEST-10000177,LIN100,N001,10500019,Elena,Martinez,"Licenciado en Filologia",27,19,6,16,41,Reprobado
10000178,Fernando,Gomez,Lopez,fernando.gomez.10000178@test.com,M,"Domingo Savio",Oruro,"Ingenieria de Sistemas",700,PayPal,REC-TEST-10000178,MAT100,M001,10500000,Maria,Rodriguez,"Licenciado en Matematicas",37,20,14,30,64,Aprobado
10000178,Fernando,Gomez,Lopez,fernando.gomez.10000178@test.com,M,"Domingo Savio",Oruro,"Ingenieria de Sistemas",700,PayPal,REC-TEST-10000178,FIS100,M001,10500001,Fernando,Garcia,Fisico,11,13,2,19,34,Reprobado
10000178,Fernando,Gomez,Lopez,fernando.gomez.10000178@test.com,M,"Domingo Savio",Oruro,"Ingenieria de Sistemas",700,PayPal,REC-TEST-10000178,INF100,M001,10500002,Pedro,Lopez,"Ingeniero Informatico",15,0,16,11,27,Reprobado
10000178,Fernando,Gomez,Lopez,fernando.gomez.10000178@test.com,M,"Domingo Savio",Oruro,"Ingenieria de Sistemas",700,PayPal,REC-TEST-10000178,LIN100,M001,10500003,Pedro,Sanchez,"Licenciado en Filologia",30,22,20,0,42,Reprobado
10000179,Luis,Gomez,Gomez,luis.gomez.10000179@test.com,M,"Domingo Savio",Sucre,"Ingenieria en Redes",700,"Transferencia Bancaria",REC-TEST-10000179,MAT100,M002,10500004,Ricardo,Lopez,"Licenciado en Matematicas",21,22,1,17,40,Reprobado
10000179,Luis,Gomez,Gomez,luis.gomez.10000179@test.com,M,"Domingo Savio",Sucre,"Ingenieria en Redes",700,"Transferencia Bancaria",REC-TEST-10000179,FIS100,M002,10500005,Jorge,Perez,Fisico,25,8,9,2,19,Reprobado
10000179,Luis,Gomez,Gomez,luis.gomez.10000179@test.com,M,"Domingo Savio",Sucre,"Ingenieria en Redes",700,"Transferencia Bancaria",REC-TEST-10000179,INF100,M002,10500006,Carlos,Sanchez,"Ingeniero Informatico",24,24,18,28,70,Aprobado
10000179,Luis,Gomez,Gomez,luis.gomez.10000179@test.com,M,"Domingo Savio",Sucre,"Ingenieria en Redes",700,"Transferencia Bancaria",REC-TEST-10000179,LIN100,M002,10500007,Jorge,Gomez,"Licenciado en Filologia",33,30,33,33,96,Aprobado
10000180,Paula,Lopez,Martinez,paula.lopez.10000180@test.com,F,Evangelico,Cochabamba,"Ingenieria en Redes",700,"Transferencia Bancaria",REC-TEST-10000180,MAT100,T001,10500012,Andres,Gomez,"Licenciado en Matematicas",34,16,8,15,39,Reprobado
10000180,Paula,Lopez,Martinez,paula.lopez.10000180@test.com,F,Evangelico,Cochabamba,"Ingenieria en Redes",700,"Transferencia Bancaria",REC-TEST-10000180,FIS100,T001,10500013,Sofia,Rojas,Fisico,40,18,32,10,60,Aprobado
10000180,Paula,Lopez,Martinez,paula.lopez.10000180@test.com,F,Evangelico,Cochabamba,"Ingenieria en Redes",700,"Transferencia Bancaria",REC-TEST-10000180,INF100,T001,10500014,Marta,Fernandez,"Ingeniero Informatico",20,17,6,32,55,Reprobado
10000180,Paula,Lopez,Martinez,paula.lopez.10000180@test.com,F,Evangelico,Cochabamba,"Ingenieria en Redes",700,"Transferencia Bancaria",REC-TEST-10000180,LIN100,T001,10500015,Jorge,Sanchez,"Licenciado en Filologia",28,24,1,15,40,Reprobado
10000181,Andres,Gomez,Martinez,andres.gomez.10000181@test.com,M,"Domingo Savio",Beni,"Ingenieria en Redes",700,PayPal,REC-TEST-10000181,MAT100,M002,10500004,Ricardo,Lopez,"Licenciado en Matematicas",21,21,0,28,49,Reprobado
10000181,Andres,Gomez,Martinez,andres.gomez.10000181@test.com,M,"Domingo Savio",Beni,"Ingenieria en Redes",700,PayPal,REC-TEST-10000181,FIS100,M002,10500005,Jorge,Perez,Fisico,25,31,3,14,48,Reprobado
10000181,Andres,Gomez,Martinez,andres.gomez.10000181@test.com,M,"Domingo Savio",Beni,"Ingenieria en Redes",700,PayPal,REC-TEST-10000181,INF100,M002,10500006,Carlos,Sanchez,"Ingeniero Informatico",24,26,27,1,54,Reprobado
10000181,Andres,Gomez,Martinez,andres.gomez.10000181@test.com,M,"Domingo Savio",Beni,"Ingenieria en Redes",700,PayPal,REC-TEST-10000181,LIN100,M002,10500007,Jorge,Gomez,"Licenciado en Filologia",33,21,10,21,52,Reprobado
10000182,Jose,Sanchez,Lopez,jose.sanchez.10000182@test.com,M,Espana,Oruro,"Ingenieria de Sistemas",700,PayPal,REC-TEST-10000182,MAT100,T001,10500012,Andres,Gomez,"Licenciado en Matematicas",34,4,28,6,38,Reprobado
10000182,Jose,Sanchez,Lopez,jose.sanchez.10000182@test.com,M,Espana,Oruro,"Ingenieria de Sistemas",700,PayPal,REC-TEST-10000182,FIS100,T001,10500013,Sofia,Rojas,Fisico,40,14,22,10,46,Reprobado
10000182,Jose,Sanchez,Lopez,jose.sanchez.10000182@test.com,M,Espana,Oruro,"Ingenieria de Sistemas",700,PayPal,REC-TEST-10000182,INF100,T001,10500014,Marta,Fernandez,"Ingeniero Informatico",20,16,16,2,34,Reprobado
10000182,Jose,Sanchez,Lopez,jose.sanchez.10000182@test.com,M,Espana,Oruro,"Ingenieria de Sistemas",700,PayPal,REC-TEST-10000182,LIN100,T001,10500015,Jorge,Sanchez,"Licenciado en Filologia",28,16,1,32,49,Reprobado
10000183,Fernando,Fernandez,Lopez,fernando.fernandez.10000183@test.com,M,"Nacional Florida","La Paz","Ingenieria de Sistemas",700,PayPal,REC-TEST-10000183,MAT100,M002,10500004,Ricardo,Lopez,"Licenciado en Matematicas",21,31,6,31,68,Aprobado
10000183,Fernando,Fernandez,Lopez,fernando.fernandez.10000183@test.com,M,"Nacional Florida","La Paz","Ingenieria de Sistemas",700,PayPal,REC-TEST-10000183,FIS100,M002,10500005,Jorge,Perez,Fisico,25,13,5,13,31,Reprobado
10000183,Fernando,Fernandez,Lopez,fernando.fernandez.10000183@test.com,M,"Nacional Florida","La Paz","Ingenieria de Sistemas",700,PayPal,REC-TEST-10000183,INF100,M002,10500006,Carlos,Sanchez,"Ingeniero Informatico",24,26,13,5,44,Reprobado
10000183,Fernando,Fernandez,Lopez,fernando.fernandez.10000183@test.com,M,"Nacional Florida","La Paz","Ingenieria de Sistemas",700,PayPal,REC-TEST-10000183,LIN100,M002,10500007,Jorge,Gomez,"Licenciado en Filologia",33,24,17,31,72,Aprobado
10000184,Luis,Fernandez,Lopez,luis.fernandez.10000184@test.com,M,"La Salle",Cochabamba,"Ingenieria en Redes",700,"Stripe (Tarjetas)",REC-TEST-10000184,MAT100,M003,10500008,Gabriela,Garcia,"Licenciado en Matematicas",30,18,8,16,42,Reprobado
10000184,Luis,Fernandez,Lopez,luis.fernandez.10000184@test.com,M,"La Salle",Cochabamba,"Ingenieria en Redes",700,"Stripe (Tarjetas)",REC-TEST-10000184,FIS100,M003,10500009,Miguel,Perez,Fisico,35,20,8,25,53,Reprobado
10000184,Luis,Fernandez,Lopez,luis.fernandez.10000184@test.com,M,"La Salle",Cochabamba,"Ingenieria en Redes",700,"Stripe (Tarjetas)",REC-TEST-10000184,INF100,M003,10500010,Valeria,Vargas,"Ingeniero Informatico",40,5,29,17,51,Reprobado
10000184,Luis,Fernandez,Lopez,luis.fernandez.10000184@test.com,M,"La Salle",Cochabamba,"Ingenieria en Redes",700,"Stripe (Tarjetas)",REC-TEST-10000184,LIN100,M003,10500011,Paula,Sanchez,"Licenciado en Filologia",30,20,25,33,78,Aprobado
10000185,Ricardo,Lopez,Torres,ricardo.lopez.10000185@test.com,M,"Nacional Florida",Cochabamba,"Ingenieria de Sistemas",700,"Transferencia Bancaria",REC-TEST-10000185,MAT100,M002,10500004,Ricardo,Lopez,"Licenciado en Matematicas",21,29,31,14,74,Aprobado
10000185,Ricardo,Lopez,Torres,ricardo.lopez.10000185@test.com,M,"Nacional Florida",Cochabamba,"Ingenieria de Sistemas",700,"Transferencia Bancaria",REC-TEST-10000185,FIS100,M002,10500005,Jorge,Perez,Fisico,25,11,17,24,52,Reprobado
10000185,Ricardo,Lopez,Torres,ricardo.lopez.10000185@test.com,M,"Nacional Florida",Cochabamba,"Ingenieria de Sistemas",700,"Transferencia Bancaria",REC-TEST-10000185,INF100,M002,10500006,Carlos,Sanchez,"Ingeniero Informatico",24,19,32,25,76,Aprobado
10000185,Ricardo,Lopez,Torres,ricardo.lopez.10000185@test.com,M,"Nacional Florida",Cochabamba,"Ingenieria de Sistemas",700,"Transferencia Bancaria",REC-TEST-10000185,LIN100,M002,10500007,Jorge,Gomez,"Licenciado en Filologia",33,19,29,16,64,Aprobado
10000186,Juan,Ramirez,Martinez,juan.ramirez.10000186@test.com,M,"Nacional Florida",Pando,"Ingenieria de Sistemas",700,PayPal,REC-TEST-10000186,MAT100,N001,10500016,Maria,Fernandez,"Licenciado en Matematicas",16,20,28,22,70,Aprobado
10000186,Juan,Ramirez,Martinez,juan.ramirez.10000186@test.com,M,"Nacional Florida",Pando,"Ingenieria de Sistemas",700,PayPal,REC-TEST-10000186,FIS100,N001,10500017,Carlos,Gomez,Fisico,27,26,14,8,48,Reprobado
10000186,Juan,Ramirez,Martinez,juan.ramirez.10000186@test.com,M,"Nacional Florida",Pando,"Ingenieria de Sistemas",700,PayPal,REC-TEST-10000186,INF100,N001,10500018,Paula,Rojas,"Ingeniero Informatico",20,3,26,17,46,Reprobado
10000186,Juan,Ramirez,Martinez,juan.ramirez.10000186@test.com,M,"Nacional Florida",Pando,"Ingenieria de Sistemas",700,PayPal,REC-TEST-10000186,LIN100,N001,10500019,Elena,Martinez,"Licenciado en Filologia",27,14,28,4,46,Reprobado
10000187,Marta,Rojas,Torres,marta.rojas.10000187@test.com,F,"Nacional Florida","La Paz","Ingenieria Informatica",700,"Stripe (Tarjetas)",REC-TEST-10000187,MAT100,T001,10500012,Andres,Gomez,"Licenciado en Matematicas",34,4,15,19,38,Reprobado
10000187,Marta,Rojas,Torres,marta.rojas.10000187@test.com,F,"Nacional Florida","La Paz","Ingenieria Informatica",700,"Stripe (Tarjetas)",REC-TEST-10000187,FIS100,T001,10500013,Sofia,Rojas,Fisico,40,7,24,18,49,Reprobado
10000187,Marta,Rojas,Torres,marta.rojas.10000187@test.com,F,"Nacional Florida","La Paz","Ingenieria Informatica",700,"Stripe (Tarjetas)",REC-TEST-10000187,INF100,T001,10500014,Marta,Fernandez,"Ingeniero Informatico",20,8,22,9,39,Reprobado
10000187,Marta,Rojas,Torres,marta.rojas.10000187@test.com,F,"Nacional Florida","La Paz","Ingenieria Informatica",700,"Stripe (Tarjetas)",REC-TEST-10000187,LIN100,T001,10500015,Jorge,Sanchez,"Licenciado en Filologia",28,23,27,13,63,Aprobado
10000188,Lucia,Lopez,Perez,lucia.lopez.10000188@test.com,F,Marista,Pando,"Ingenieria Informatica",700,PayPal,REC-TEST-10000188,MAT100,M001,10500000,Maria,Rodriguez,"Licenciado en Matematicas",37,19,12,18,49,Reprobado
10000188,Lucia,Lopez,Perez,lucia.lopez.10000188@test.com,F,Marista,Pando,"Ingenieria Informatica",700,PayPal,REC-TEST-10000188,FIS100,M001,10500001,Fernando,Garcia,Fisico,11,17,33,9,59,Reprobado
10000188,Lucia,Lopez,Perez,lucia.lopez.10000188@test.com,F,Marista,Pando,"Ingenieria Informatica",700,PayPal,REC-TEST-10000188,INF100,M001,10500002,Pedro,Lopez,"Ingeniero Informatico",15,32,25,9,66,Aprobado
10000188,Lucia,Lopez,Perez,lucia.lopez.10000188@test.com,F,Marista,Pando,"Ingenieria Informatica",700,PayPal,REC-TEST-10000188,LIN100,M001,10500003,Pedro,Sanchez,"Licenciado en Filologia",30,30,29,22,81,Aprobado
10000189,Sofia,Sanchez,Fernandez,sofia.sanchez.10000189@test.com,F,Espana,Potosi,"Ingenieria de Sistemas",700,PayPal,REC-TEST-10000189,MAT100,N001,10500016,Maria,Fernandez,"Licenciado en Matematicas",16,26,25,13,64,Aprobado
10000189,Sofia,Sanchez,Fernandez,sofia.sanchez.10000189@test.com,F,Espana,Potosi,"Ingenieria de Sistemas",700,PayPal,REC-TEST-10000189,FIS100,N001,10500017,Carlos,Gomez,Fisico,27,18,2,33,53,Reprobado
10000189,Sofia,Sanchez,Fernandez,sofia.sanchez.10000189@test.com,F,Espana,Potosi,"Ingenieria de Sistemas",700,PayPal,REC-TEST-10000189,INF100,N001,10500018,Paula,Rojas,"Ingeniero Informatico",20,7,28,23,58,Reprobado
10000189,Sofia,Sanchez,Fernandez,sofia.sanchez.10000189@test.com,F,Espana,Potosi,"Ingenieria de Sistemas",700,PayPal,REC-TEST-10000189,LIN100,N001,10500019,Elena,Martinez,"Licenciado en Filologia",27,21,10,16,47,Reprobado
10000190,Daniela,Martinez,Fernandez,daniela.martinez.10000190@test.com,F,Uboldi,Potosi,"Ingenieria de Sistemas",700,"Transferencia Bancaria",REC-TEST-10000190,MAT100,M003,10500008,Gabriela,Garcia,"Licenciado en Matematicas",30,30,19,10,59,Reprobado
10000190,Daniela,Martinez,Fernandez,daniela.martinez.10000190@test.com,F,Uboldi,Potosi,"Ingenieria de Sistemas",700,"Transferencia Bancaria",REC-TEST-10000190,FIS100,M003,10500009,Miguel,Perez,Fisico,35,31,27,25,83,Aprobado
10000190,Daniela,Martinez,Fernandez,daniela.martinez.10000190@test.com,F,Uboldi,Potosi,"Ingenieria de Sistemas",700,"Transferencia Bancaria",REC-TEST-10000190,INF100,M003,10500010,Valeria,Vargas,"Ingeniero Informatico",40,7,33,6,46,Reprobado
10000190,Daniela,Martinez,Fernandez,daniela.martinez.10000190@test.com,F,Uboldi,Potosi,"Ingenieria de Sistemas",700,"Transferencia Bancaria",REC-TEST-10000190,LIN100,M003,10500011,Paula,Sanchez,"Licenciado en Filologia",30,2,24,27,53,Reprobado
10000191,Carmen,Gomez,Martinez,carmen.gomez.10000191@test.com,F,Espana,Pando,"Ingenieria de Sistemas",700,"Transferencia Bancaria",REC-TEST-10000191,MAT100,M001,10500000,Maria,Rodriguez,"Licenciado en Matematicas",37,23,18,10,51,Reprobado
10000191,Carmen,Gomez,Martinez,carmen.gomez.10000191@test.com,F,Espana,Pando,"Ingenieria de Sistemas",700,"Transferencia Bancaria",REC-TEST-10000191,FIS100,M001,10500001,Fernando,Garcia,Fisico,11,0,18,12,30,Reprobado
10000191,Carmen,Gomez,Martinez,carmen.gomez.10000191@test.com,F,Espana,Pando,"Ingenieria de Sistemas",700,"Transferencia Bancaria",REC-TEST-10000191,INF100,M001,10500002,Pedro,Lopez,"Ingeniero Informatico",15,33,0,31,64,Aprobado
10000191,Carmen,Gomez,Martinez,carmen.gomez.10000191@test.com,F,Espana,Pando,"Ingenieria de Sistemas",700,"Transferencia Bancaria",REC-TEST-10000191,LIN100,M001,10500003,Pedro,Sanchez,"Licenciado en Filologia",30,18,5,26,49,Reprobado
10000192,Paula,Lopez,Garcia,paula.lopez.10000192@test.com,F,"La Salle",Tarija,"Ingenieria de Sistemas",700,PayPal,REC-TEST-10000192,MAT100,M001,10500000,Maria,Rodriguez,"Licenciado en Matematicas",37,30,29,25,84,Aprobado
10000192,Paula,Lopez,Garcia,paula.lopez.10000192@test.com,F,"La Salle",Tarija,"Ingenieria de Sistemas",700,PayPal,REC-TEST-10000192,FIS100,M001,10500001,Fernando,Garcia,Fisico,11,32,30,15,77,Aprobado
10000192,Paula,Lopez,Garcia,paula.lopez.10000192@test.com,F,"La Salle",Tarija,"Ingenieria de Sistemas",700,PayPal,REC-TEST-10000192,INF100,M001,10500002,Pedro,Lopez,"Ingeniero Informatico",15,7,25,15,47,Reprobado
10000192,Paula,Lopez,Garcia,paula.lopez.10000192@test.com,F,"La Salle",Tarija,"Ingenieria de Sistemas",700,PayPal,REC-TEST-10000192,LIN100,M001,10500003,Pedro,Sanchez,"Licenciado en Filologia",30,16,31,6,53,Reprobado
10000193,Daniela,Fernandez,Fernandez,daniela.fernandez.10000193@test.com,F,"Nacional Florida",Cochabamba,"Ingenieria de Sistemas",700,"Transferencia Bancaria",REC-TEST-10000193,MAT100,N001,10500016,Maria,Fernandez,"Licenciado en Matematicas",16,23,21,12,56,Reprobado
10000193,Daniela,Fernandez,Fernandez,daniela.fernandez.10000193@test.com,F,"Nacional Florida",Cochabamba,"Ingenieria de Sistemas",700,"Transferencia Bancaria",REC-TEST-10000193,FIS100,N001,10500017,Carlos,Gomez,Fisico,27,15,33,27,75,Aprobado
10000193,Daniela,Fernandez,Fernandez,daniela.fernandez.10000193@test.com,F,"Nacional Florida",Cochabamba,"Ingenieria de Sistemas",700,"Transferencia Bancaria",REC-TEST-10000193,INF100,N001,10500018,Paula,Rojas,"Ingeniero Informatico",20,12,16,3,31,Reprobado
10000193,Daniela,Fernandez,Fernandez,daniela.fernandez.10000193@test.com,F,"Nacional Florida",Cochabamba,"Ingenieria de Sistemas",700,"Transferencia Bancaria",REC-TEST-10000193,LIN100,N001,10500019,Elena,Martinez,"Licenciado en Filologia",27,33,10,21,64,Aprobado
10000194,Roberto,Lopez,Fernandez,roberto.lopez.10000194@test.com,M,"Nacional Florida",Beni,"Ingenieria Informatica",700,"Transferencia Bancaria",REC-TEST-10000194,MAT100,M003,10500008,Gabriela,Garcia,"Licenciado en Matematicas",30,5,9,28,42,Reprobado
10000194,Roberto,Lopez,Fernandez,roberto.lopez.10000194@test.com,M,"Nacional Florida",Beni,"Ingenieria Informatica",700,"Transferencia Bancaria",REC-TEST-10000194,FIS100,M003,10500009,Miguel,Perez,Fisico,35,30,14,15,59,Reprobado
10000194,Roberto,Lopez,Fernandez,roberto.lopez.10000194@test.com,M,"Nacional Florida",Beni,"Ingenieria Informatica",700,"Transferencia Bancaria",REC-TEST-10000194,INF100,M003,10500010,Valeria,Vargas,"Ingeniero Informatico",40,32,31,15,78,Aprobado
10000194,Roberto,Lopez,Fernandez,roberto.lopez.10000194@test.com,M,"Nacional Florida",Beni,"Ingenieria Informatica",700,"Transferencia Bancaria",REC-TEST-10000194,LIN100,M003,10500011,Paula,Sanchez,"Licenciado en Filologia",30,15,15,32,62,Aprobado
10000195,Jose,Torres,Martinez,jose.torres.10000195@test.com,M,"La Salle",Sucre,"Ingenieria Informatica",700,PayPal,REC-TEST-10000195,MAT100,M003,10500008,Gabriela,Garcia,"Licenciado en Matematicas",30,1,11,11,23,Reprobado
10000195,Jose,Torres,Martinez,jose.torres.10000195@test.com,M,"La Salle",Sucre,"Ingenieria Informatica",700,PayPal,REC-TEST-10000195,FIS100,M003,10500009,Miguel,Perez,Fisico,35,32,12,25,69,Aprobado
10000195,Jose,Torres,Martinez,jose.torres.10000195@test.com,M,"La Salle",Sucre,"Ingenieria Informatica",700,PayPal,REC-TEST-10000195,INF100,M003,10500010,Valeria,Vargas,"Ingeniero Informatico",40,28,12,18,58,Reprobado
10000195,Jose,Torres,Martinez,jose.torres.10000195@test.com,M,"La Salle",Sucre,"Ingenieria Informatica",700,PayPal,REC-TEST-10000195,LIN100,M003,10500011,Paula,Sanchez,"Licenciado en Filologia",30,3,18,3,24,Reprobado
10000196,Laura,Rojas,Martinez,laura.rojas.10000196@test.com,F,Uboldi,Potosi,"Ingenieria Informatica",700,PayPal,REC-TEST-10000196,MAT100,N001,10500016,Maria,Fernandez,"Licenciado en Matematicas",16,9,29,16,54,Reprobado
10000196,Laura,Rojas,Martinez,laura.rojas.10000196@test.com,F,Uboldi,Potosi,"Ingenieria Informatica",700,PayPal,REC-TEST-10000196,FIS100,N001,10500017,Carlos,Gomez,Fisico,27,32,7,5,44,Reprobado
10000196,Laura,Rojas,Martinez,laura.rojas.10000196@test.com,F,Uboldi,Potosi,"Ingenieria Informatica",700,PayPal,REC-TEST-10000196,INF100,N001,10500018,Paula,Rojas,"Ingeniero Informatico",20,21,14,10,45,Reprobado
10000196,Laura,Rojas,Martinez,laura.rojas.10000196@test.com,F,Uboldi,Potosi,"Ingenieria Informatica",700,PayPal,REC-TEST-10000196,LIN100,N001,10500019,Elena,Martinez,"Licenciado en Filologia",27,27,16,4,47,Reprobado
10000197,Marta,Martinez,Perez,marta.martinez.10000197@test.com,F,Evangelico,Tarija,"Ingenieria Informatica",700,"Stripe (Tarjetas)",REC-TEST-10000197,MAT100,M003,10500008,Gabriela,Garcia,"Licenciado en Matematicas",30,15,30,25,70,Aprobado
10000197,Marta,Martinez,Perez,marta.martinez.10000197@test.com,F,Evangelico,Tarija,"Ingenieria Informatica",700,"Stripe (Tarjetas)",REC-TEST-10000197,FIS100,M003,10500009,Miguel,Perez,Fisico,35,0,24,24,48,Reprobado
10000197,Marta,Martinez,Perez,marta.martinez.10000197@test.com,F,Evangelico,Tarija,"Ingenieria Informatica",700,"Stripe (Tarjetas)",REC-TEST-10000197,INF100,M003,10500010,Valeria,Vargas,"Ingeniero Informatico",40,8,32,16,56,Reprobado
10000197,Marta,Martinez,Perez,marta.martinez.10000197@test.com,F,Evangelico,Tarija,"Ingenieria Informatica",700,"Stripe (Tarjetas)",REC-TEST-10000197,LIN100,M003,10500011,Paula,Sanchez,"Licenciado en Filologia",30,28,4,16,48,Reprobado
10000198,Gabriela,Rojas,Sanchez,gabriela.rojas.10000198@test.com,F,"Don Bosco",Tarija,"Ingenieria de Sistemas",700,"Stripe (Tarjetas)",REC-TEST-10000198,MAT100,M001,10500000,Maria,Rodriguez,"Licenciado en Matematicas",37,7,5,21,33,Reprobado
10000198,Gabriela,Rojas,Sanchez,gabriela.rojas.10000198@test.com,F,"Don Bosco",Tarija,"Ingenieria de Sistemas",700,"Stripe (Tarjetas)",REC-TEST-10000198,FIS100,M001,10500001,Fernando,Garcia,Fisico,11,16,25,4,45,Reprobado
10000198,Gabriela,Rojas,Sanchez,gabriela.rojas.10000198@test.com,F,"Don Bosco",Tarija,"Ingenieria de Sistemas",700,"Stripe (Tarjetas)",REC-TEST-10000198,INF100,M001,10500002,Pedro,Lopez,"Ingeniero Informatico",15,6,30,5,41,Reprobado
10000198,Gabriela,Rojas,Sanchez,gabriela.rojas.10000198@test.com,F,"Don Bosco",Tarija,"Ingenieria de Sistemas",700,"Stripe (Tarjetas)",REC-TEST-10000198,LIN100,M001,10500003,Pedro,Sanchez,"Licenciado en Filologia",30,0,7,3,10,Reprobado
10000199,Carmen,Sanchez,Gomez,carmen.sanchez.10000199@test.com,F,Espana,"La Paz","Ingenieria de Sistemas",700,"Transferencia Bancaria",REC-TEST-10000199,MAT100,T001,10500012,Andres,Gomez,"Licenciado en Matematicas",34,6,18,25,49,Reprobado
10000199,Carmen,Sanchez,Gomez,carmen.sanchez.10000199@test.com,F,Espana,"La Paz","Ingenieria de Sistemas",700,"Transferencia Bancaria",REC-TEST-10000199,FIS100,T001,10500013,Sofia,Rojas,Fisico,40,10,25,9,44,Reprobado
10000199,Carmen,Sanchez,Gomez,carmen.sanchez.10000199@test.com,F,Espana,"La Paz","Ingenieria de Sistemas",700,"Transferencia Bancaria",REC-TEST-10000199,INF100,T001,10500014,Marta,Fernandez,"Ingeniero Informatico",20,12,12,16,40,Reprobado
10000199,Carmen,Sanchez,Gomez,carmen.sanchez.10000199@test.com,F,Espana,"La Paz","Ingenieria de Sistemas",700,"Transferencia Bancaria",REC-TEST-10000199,LIN100,T001,10500015,Jorge,Sanchez,"Licenciado en Filologia",28,28,18,32,78,Aprobado
